,title,genre,language,awards,metascore,boxoffice,production,imdbrating,imdbvotes,imdbid
1,Manhattan Romance,"Comedy, Drama, Romance",English,3 wins.,N/A,N/A,Beacon Films Inc.,5.5,"1,122",tt2608324
2,Stonehearst Asylum,"Drama, Horror, Thriller",English,1 win & 1 nomination.,52,N/A,Millenium Entertainment,6.8,"48,493",tt1772264
3,The Runner,Drama,English,N/A,39,N/A,Alchemy,4.7,"4,768",tt3687398
4,6 Years,"Drama, Romance",English,4 nominations.,53,N/A,N/A,5.6,"10,784",tt3799372
5,Sierra Burgess Is a Loser,"Comedy, Drama, Romance",English,2 nominations.,60,N/A,Netflix,5.9,"31,443",tt3120280
6,Hell and Back,"Animation, Adventure, Comedy, Fantasy",English,2 nominations.,N/A,"$156,166",Freestyle Releasing LLC.,5.4,"4,581",tt2141773
7,Carrie Pilby,"Comedy, Drama",English,1 win & 2 nominations.,52,"$19,025",The Orchard,6.6,"5,821",tt2989524
8,Marc Maron: Too Real,Comedy,English,N/A,N/A,N/A,Netflix,7.1,"1,237",tt7335938
9,The World We Make,Drama,English,N/A,N/A,N/A,N/A,4.9,354,tt7643622
10,Black Panther,"Action, Adventure, Sci-Fi","English, Swahili, Nama, Xhosa, Korean",Won 3 Oscars. Another 109 wins & 265 nominations.,88,"$501,105,037",Marvel Studios,7.3,"570,888",tt1825683
11,Gerald's Game,"Drama, Horror, Thriller",English,4 wins & 3 nominations.,77,N/A,Netflix,6.6,"77,085",tt3748172
12,Our Souls at Night,"Drama, Romance",English,1 nomination.,69,N/A,Netflix,6.9,"9,786",tt5034266
13,"Monster High: Boo York, Boo York","Animation, Fantasy",English,1 nomination.,N/A,N/A,Mattel Playground Productions,6.5,513,tt4779496
14,Hold the Dark,"Drama, Horror, Mystery, Thriller",English,1 win.,63,N/A,Netflix,5.6,"30,393",tt5057140
15,In the Shadow of the Moon,"Crime, Mystery, Sci-Fi, Thriller",English,N/A,48,"$941,775",ThinkFilm,6.2,"31,149",tt8110640
16,The Hurricane Heist,"Action, Adventure, Crime, Thriller","American Sign Language, English",N/A,35,N/A,Entertainment Studios Motion Pictures,5.1,"17,301",tt5360952
17,Def Comedy Jam 25,"Documentary, Comedy",English,2 nominations.,N/A,N/A,Netflix,6.6,829,tt7427130
18,Restless Creature: Wendy Whelan,Documentary,English,1 nomination.,87,N/A,N/A,7.1,224,tt5119264
19,USS Indianapolis: Men of Courage,"Action, Drama, History, Thriller, War","English, Japanese",1 nomination.,30,N/A,Saban Films,5.2,"10,482",tt2032572
20,A Wrinkle in Time,"Adventure, Family, Fantasy, Sci-Fi",English,5 wins & 15 nominations.,53,N/A,N/A,4.2,"38,152",tt1620680
21,Inside Man: Most Wanted,"Action, Crime, Thriller",English,N/A,N/A,N/A,N/A,5.6,"1,993",tt7832848
22,Jeff Dunham: Beside Himself,Comedy,English,N/A,N/A,N/A,Netflix,6.7,696,tt10847194
23,Under the Eiffel Tower,Romance,English,N/A,41,N/A,N/A,5.0,538,tt6251390
24,Iliza Shlesinger: Confirmed Kills,Comedy,English,N/A,N/A,N/A,Netflix,6.5,"1,959",tt6081882
25,20 Feet from Stardom,"Documentary, Biography, Music","English, Spanish",Won 1 Oscar. Another 20 wins & 27 nominations.,83,N/A,Radius-TWC,7.4,"11,810",tt2396566
26,Gaga: Five Foot Two,"Documentary, Music",English,4 wins & 1 nomination.,63,N/A,Netflix,7.0,"10,593",tt7291268
27,The Bad Batch,"Drama, Horror, Romance, Sci-Fi",English,1 win & 3 nominations.,62,"$180,851",NEON,5.3,"23,325",tt4334266
28,Smosh: The Movie,"Comedy, Fantasy, Sci-Fi",English,N/A,N/A,N/A,Lionsgate Films,3.3,"5,775",tt4184878
29,Quincy,"Documentary, Biography",English,Nominated for 1 Primetime Emmy. Another 8 wins & 7 nominations.,60,N/A,Netflix,7.6,"2,855",tt7440432
30,Between Two Ferns: The Movie,Comedy,English,1 win & 1 nomination.,59,N/A,Netflix,6.1,"22,476",tt9398640
31,Daddy Issues,"Drama, Romance",English,13 wins & 2 nominations.,N/A,N/A,Gravitas Ventures,4.0,535,tt6271806
32,Vincent N Roxxy,"Crime, Drama, Thriller",English,N/A,43,N/A,Vertical Entertainment,5.5,"1,712",tt3704298
33,The Endless,"Fantasy, Horror, Sci-Fi, Thriller",English,5 wins & 8 nominations.,80,N/A,Well Go USA Entertainment,6.5,"27,315",tt3986820
34,Jerry Before Seinfeld,Comedy,English,N/A,N/A,N/A,Netflix,7.0,"4,599",tt7310906
35,Class Rank,"Comedy, Family, Romance",English,5 wins.,N/A,N/A,N/A,6.4,"1,099",tt5219972
36,Barbie: Dolphin Magic,"Animation, Adventure, Family, Fantasy",English,N/A,N/A,N/A,Mattel Creations,5.6,415,tt7130740
37,Keith Richards: Under the Influence,"Documentary, Music",English,3 nominations.,62,N/A,Radical Media,7.2,"2,603",tt4900018
38,A Haunting at Silver Falls: The Return,Horror,N/A,N/A,N/A,N/A,N/A,3.3,204,tt6170262
39,Clive Davis: The Soundtrack of Our Lives,Documentary,English,3 wins.,57,N/A,Abramorama,7.4,370,tt6494358
40,Sebastian Maniscalco: What's Wrong with People?,Comedy,English,N/A,N/A,N/A,eOne Entertainment Distribution,8.1,770,tt2215489
41,I Am Wrath,"Action, Crime, Drama, Thriller",English,N/A,N/A,N/A,LionsGate Entertainment,5.4,"12,434",tt3212232
42,"As Above, So Below","Horror, Mystery, Thriller","English, French, Latin",1 win & 6 nominations.,38,N/A,Universal Pictures,6.2,"71,227",tt2870612
43,Cedric the Entertainer: Live from the Ville,Comedy,English,N/A,N/A,N/A,Netflix,5.9,601,tt5753806
44,Los Tigres del Norte at Folsom Prison,"Documentary, Music",Spanish,N/A,N/A,N/A,Netflix,7.4,92,tt10857582
45,The Outsider,"Crime, Drama, Mystery, Thriller",English,N/A,N/A,na,na,8.0,"40,485",tt8550800
46,Natural Born Pranksters,Comedy,English,N/A,N/A,N/A,Collective Digital Studios,3.6,"3,528",tt3671086
47,Sample This,"Documentary, Music",English,N/A,64,N/A,Go Digital,6.4,344,tt2407418
48,Cowspiracy: The Sustainability Secret,Documentary,English,N/A,N/A,N/A,N/A,8.3,"19,134",tt3302820
49,The Crystal Calls - Making the Dark Crystal: Age of Resistance,Documentary,English,N/A,N/A,N/A,N/A,7.6,368,tt10924716
50,We Have Always Lived in the Castle,"Drama, Mystery, Thriller",English,N/A,63,N/A,Brainstorm Media,5.6,"3,822",tt5952138
51,The Land of Steady Habits,"Comedy, Drama",English,N/A,71,N/A,Netflix,6.2,"4,960",tt6485928
52,American Warfighter,"Action, Drama, Romance, War",English,N/A,N/A,N/A,N/A,4.2,"1,085",tt4524418
53,Deviant Love,Thriller,English,N/A,N/A,N/A,N/A,3.6,258,tt10255320
54,Head Count,"Horror, Mystery, Thriller",English,1 win.,48,N/A,N/A,5.3,"2,509",tt7350614
55,"Hello, Privilege. It's Me, Chelsea",Documentary,English,N/A,N/A,N/A,N/A,4.2,"1,305",tt10847138
56,Tall Girl,Comedy,English,1 win.,N/A,N/A,N/A,5.2,"13,999",tt9252508
57,Time Trap,"Action, Adventure, Sci-Fi",English,1 win & 1 nomination.,46,N/A,Paladin,6.5,"13,209",tt4815122
58,Disneynature: Ghost of the Mountains,Documentary,English,N/A,N/A,N/A,N/A,7.3,80,tt7332500
59,Turbo,"Animation, Adventure, Comedy, Family, Sci-Fi, Sport",English,1 win & 13 nominations.,58,"$81,100,000",DreamWorks Animation,6.4,"78,938",tt1860353
60,Jeff Dunham: Relative Disaster,Comedy,English,N/A,N/A,N/A,Netflix,6.4,"1,040",tt7364706
61,Eat Pray Love,"Drama, Romance","English, Italian, Portuguese",2 wins & 2 nominations.,50,"$80,574,010",Sony Pictures,5.8,"82,420",tt0879870
62,"My Teacher, My Obsession","Drama, Thriller",English,N/A,N/A,N/A,Sunshine Films Florida,4.4,"1,662",tt6997574
63,68 Kill,"Comedy, Crime, Romance, Thriller",English,3 wins & 1 nomination.,56,N/A,Snowfort Pictures,6.0,"4,257",tt5189894
64,For the Birds,"Animation, Short, Comedy, Family",None,Won 1 Oscar. Another 5 wins & 2 nominations.,N/A,N/A,Pixar Animation Studios,8.0,"27,794",tt0248808
65,Delirium,"Horror, Thriller",English,N/A,N/A,N/A,Appian Way Productions,5.7,"5,551",tt2069797
66,Stephanie,"Horror, Mystery",English,N/A,N/A,N/A,N/A,5.8,"4,464",tt3829378
67,Terrifier,"Horror, Thriller",English,1 win & 5 nominations.,N/A,N/A,Epic Pictures,5.6,"11,592",tt4281724
68,The Keeping Hours,"Drama, Fantasy, Horror, Mystery, Thriller",English,1 win & 1 nomination.,N/A,N/A,Blumhouse Productions,6.3,"2,759",tt5114154
69,Little Evil,"Comedy, Horror",N/A,1 nomination.,N/A,N/A,Bluegrass Films,5.7,"17,336",tt2937366
71,Iliza Shlesinger: War Paint,Comedy,English,N/A,N/A,N/A,N/A,6.7,"1,619",tt2836376
72,After,"Drama, Romance",English,4 wins.,30,N/A,Aviron Pictures,5.4,"24,906",tt4126476
73,Home Is Where the Killer Is,Thriller,English,N/A,N/A,N/A,N/A,4.4,314,tt9086910
74,Mo Amer: The Vagabond,"Documentary, Comedy",English,N/A,N/A,N/A,N/A,7.3,451,tt9060526
75,Deon Cole: Cole Hearted,Comedy,English,N/A,N/A,N/A,N/A,6.9,483,tt10977680
76,Chris Brown: Welcome To My Life,Documentary,English,N/A,N/A,N/A,Riveting Entertainment,5.7,950,tt5588850
77,Russell Peters: Almost Famous,Comedy,English,N/A,N/A,N/A,Netflix,6.5,"1,522",tt5946232
78,Seven in Heaven,"Drama, Horror, Mystery, Sci-Fi",English,N/A,N/A,N/A,N/A,5.3,"1,707",tt4269118
79,Private Life,"Comedy, Drama",English,1 win & 15 nominations.,83,N/A,Netflix,7.2,"12,782",tt5536610
80,Super Monsters: Vida's First Halloween,Animation,English,N/A,N/A,N/A,N/A,7.0,12,tt10927576
81,Lego Jurassic World: The Indominus Escape,"Animation, Action, Adventure, Comedy, Family, Sci-Fi",English,N/A,N/A,na,na,5.7,682,tt6101862
82,Judah Friedlander: America is the Greatest Country in the United States,"Documentary, Comedy",English,N/A,N/A,N/A,Netflix,7.7,"1,057",tt7582890
83,The B-Side: Elsa Dorfman's Portrait Photography,Documentary,English,N/A,77,"$121,498",NEON,6.6,427,tt5952468
84,Kristy,"Horror, Thriller",English,2 nominations.,N/A,N/A,The Weinstein Company,5.9,"6,923",tt2027136
85,SPF-18,Romance,English,N/A,N/A,N/A,N/A,3.2,"3,873",tt7296862
86,Truth or Dare,"Horror, Mystery, Thriller",English,N/A,N/A,N/A,N/A,5.0,"3,023",tt7126746
87,Cult of Chucky,"Comedy, Fantasy, Horror, Thriller",English,1 nomination.,69,N/A,Universal 1440 Entertainment,5.2,"19,007",tt3280262
88,Rodney Carrington: Here Comes the Truth,"Documentary, Comedy",English,N/A,N/A,N/A,Netflix,4.3,105,tt7582798
89,Security,"Action, Crime, Thriller",English,N/A,N/A,N/A,Millennium Films,5.7,"14,803",tt3501112
90,Arsenio Hall: Smart and Classy,Comedy,English,N/A,N/A,N/A,N/A,5.9,331,tt10150694
91,14 Cameras,"Crime, Drama, Horror, Thriller",English,N/A,25,N/A,Gravitas Ventures,4.5,"1,926",tt7476438
92,Joan Didion: The Center Will Not Hold,Documentary,English,3 nominations.,72,N/A,Netflix,7.4,"1,250",tt7253506
93,Manson Family Vacation,"Comedy, Drama, Thriller",English,2 wins & 3 nominations.,N/A,N/A,Logolite Entertainment,5.9,"2,268",tt3275216
94,The Last Whistle,"Drama, Sport",English,N/A,N/A,N/A,Vertical Entertainment,4.8,196,tt8318348
95,Strange Weather,"Adventure, Drama",English,1 win & 1 nomination.,57,N/A,Brainstorm Media,5.9,928,tt5205210
96,Assimilate,"Horror, Mystery, Sci-Fi, Thriller",English,N/A,N/A,N/A,Gravitas Ventures,5.4,"3,590",tt5238904
97,Dolemite Is My Name,"Biography, Comedy, Drama",English,Nominated for 2 Golden Globes. Another 29 wins & 53 nominations.,76,N/A,Netflix,7.3,"40,446",tt8526872
98,Rattlesnake,"Drama, Horror, Mystery, Thriller",English,N/A,N/A,N/A,Kew Media Group,4.6,"6,048",tt9257484
99,Ronnie Coleman: The King,Documentary,English,N/A,N/A,N/A,N/A,7.1,"2,171",tt7217214
100,The Hateful Eight,"Crime, Drama, Mystery, Thriller, Western","English, Spanish, French",Won 1 Oscar. Another 40 wins & 115 nominations.,68,"$54,116,191",The Weinstein Company,7.8,"479,077",tt3460252
101,Walt Disney Animation Studios Short Films Collection,"Animation, Adventure, Comedy, Family",English,N/A,N/A,N/A,N/A,7.7,566,tt6181728
102,Echo in the Canyon,"Documentary, Music",English,2 wins & 3 nominations.,70,N/A,Greenwich Entertainment,7.0,"1,638",tt8884430
103,Dancing with the Birds,Documentary,English,N/A,N/A,na,na,8.2,15,tt11101698
104,Adam Sandler: 100% Fresh,"Comedy, Music",English,N/A,N/A,N/A,Netflix,7.6,"4,063",tt9036126
106,While We're Young,"Comedy, Drama, Mystery",English,1 win & 2 nominations.,77,"$7,008,208",A24,6.3,"44,171",tt1791682
107,I'll See You in My Dreams,"Comedy, Drama, Romance",English,8 nominations.,75,N/A,WARNER BROTHERS PICTURES,6.7,"6,606",tt3236120
108,Jenny Slate: Stage Fright,"Comedy, Reality-TV",English,1 nomination.,N/A,N/A,N/A,5.8,921,tt10971520
109,Tracers,"Action, Crime, Drama, Thriller","English, Chinese, Vietnamese",2 nominations.,45,N/A,Lionsgate Films,5.6,"17,836",tt2401097
110,God Knows Where I Am,"Documentary, Biography, Drama, History, Mystery",English,14 wins & 6 nominations.,66,N/A,N/A,7.3,671,tt5073020
111,Results,"Comedy, Romance","English, Japanese",5 nominations.,73,N/A,Magnolia Pictures,5.4,"6,112",tt3824412
112,Joe Rogan: Triggered,Comedy,English,N/A,N/A,N/A,Netflix,7.5,"3,501",tt6023444
113,Wyatt Cenac: Brooklyn,Comedy,English,N/A,N/A,N/A,N/A,6.3,178,tt4286560
114,1922,"Crime, Drama, Horror, Mystery, Thriller",English,1 win & 4 nominations.,70,N/A,Netflix,6.3,"44,740",tt6214928
115,Wheelman,"Action, Crime, Mystery, Thriller",English,N/A,66,N/A,Netflix,6.4,"15,630",tt5723286
117,Sleeping with Other People,"Comedy, Drama, Romance",English,2 nominations.,64,N/A,IFC Films,6.5,"38,108",tt3165612
118,Anjelah Johnson: Not Fancy,"Documentary, Comedy","Spanish, English",N/A,N/A,N/A,Netflix,5.8,561,tt4199110
119,Eli,Horror,English,1 nomination.,N/A,N/A,Netflix,5.8,"22,992",tt5294518
120,The Laundromat,"Comedy, Crime, Drama, History","English, Mandarin, Spanish, Russian",6 nominations.,57,N/A,Netflix,6.3,"35,234",tt5865326
121,Patton Oswalt: Annihilation,"Documentary, Comedy",English,N/A,N/A,N/A,Netflix,7.2,"1,920",tt7026230
122,The Game Changers,Documentary,English,1 nomination.,N/A,N/A,Fathom Events,8.0,"11,912",tt7455754
123,"Ron White: If You Quit Listening, I'll Shut Up",Comedy,English,N/A,N/A,N/A,Netflix,6.5,562,tt9060534
124,Anthony Jeselnik: Thoughts and Prayers,"Documentary, Comedy",English,N/A,N/A,N/A,Netflix,7.8,"3,821",tt5087554
125,Beasts of No Nation,"Drama, War","English, Akan",Nominated for 1 Golden Globe. Another 32 wins & 53 nominations.,79,"$83,861",Netflix,7.7,"68,597",tt1365050
126,Circle,"Drama, Horror, Mystery, Sci-Fi, Thriller",English,1 nomination.,N/A,N/A,Taggart Productions,6.0,"35,265",tt3118452
127,Sky Ladder: The Art of Cai Guo-Qiang,Documentary,"English, Mandarin",1 nomination.,73,N/A,Netflix,7.3,975,tt5278930
128,Russell Peters: Notorious,Comedy,"English, Spanish",N/A,N/A,N/A,Netflix,7.1,"1,272",tt3295244
129,The Babysitter,"Adventure, Comedy, Horror",English,N/A,N/A,N/A,Marvista Entertainment,6.3,"54,210",tt4225622
131,Mascots,Comedy,English,1 nomination.,57,N/A,Netflix,5.7,"6,317",tt4936176
132,Justin Timberlake + the Tennessee Kids,"Documentary, Music",English,N/A,81,N/A,N/A,7.9,"1,697",tt5001772
133,Iron Man,"Action, Adventure, Sci-Fi","Hungarian, Kurdish, Hindi, English, Persian, Urdu, Arabic",Nominated for 2 Oscars. Another 21 wins & 65 nominations.,79,"$318,298,180",Paramount Pictures,7.9,"900,075",tt0371746
134,El Camino: A Breaking Bad Movie,"Action, Crime, Drama",English,4 wins & 6 nominations.,72,N/A,Netflix,7.4,"156,034",tt9243946
135,Fractured,"Mystery, Thriller",English,N/A,36,N/A,N/A,6.3,"39,793",tt4332232
136,Tales from the Hood 2,"Comedy, Horror",English,N/A,N/A,N/A,Universal 1440 Entertainment,4.3,"1,347",tt8403680
137,Christina P: Mother Inferior,Comedy,English,N/A,N/A,N/A,Netflix,6.4,636,tt7057376
139,Alpha and Omega 2: A Howl-iday Adventure,"Animation, Action, Adventure, Comedy, Family",English,N/A,N/A,N/A,LionsGate Entertainment,5.1,847,tt3111728
140,Earth to Echo,"Adventure, Family, Sci-Fi",English,2 wins & 1 nomination.,53,N/A,Relativity Media,5.8,"17,934",tt2183034
141,Honey 2,"Comedy, Drama, Music",English,N/A,N/A,"$696,794",Universal Pictures,5.3,"6,653",tt1657283
142,House of the Witch,"Fantasy, Horror, Mystery, Thriller",English,N/A,N/A,N/A,Distilled Media,5.0,"1,665",tt6988208
143,Nikki Glaser: Bangin',Comedy,English,N/A,N/A,N/A,N/A,5.8,883,tt10952752
144,One Direction: This Is Us,"Documentary, Music","English, Portuguese",1 nomination.,49,"$28,873,374",Sony Pictures,4.2,"23,123",tt2515086
145,The Bounty Hunter,"Action, Comedy, Romance","English, Ukrainian",4 wins & 5 nominations.,22,"$66,700,000",Sony Pictures,5.6,"116,906",tt1038919
146,Walking Out,"Drama, Thriller",English,1 win & 2 nominations.,79,"$101,947",IFC Films,5.8,"5,302",tt5420886
147,Fishtail,"Documentary, Western",English,2 nominations.,N/A,N/A,Brandywine,7.1,34,tt3574306
148,Kevin Hart: Laugh at My Pain,"Documentary, Comedy",English,1 win & 1 nomination.,N/A,"$7,705,974",Codeblack Entertainment,7.4,"5,411",tt1999192
149,Kevin Hart: Seriously Funny,Comedy,English,N/A,N/A,N/A,Lionsgate,7.6,"4,665",tt1714196
150,My Little Pony Equestria Girls: Forgotten Friendship,"Animation, Comedy, Drama, Family, Fantasy, Musical, Sci-Fi",English,N/A,N/A,N/A,N/A,7.1,378,tt7869818
151,Barbie,Drama,Korean,1 win & 1 nomination.,N/A,N/A,N/A,6.7,231,tt2074334
152,Barbie in a Mermaid Tale,"Animation, Family, Fantasy",English,4 nominations.,N/A,N/A,N/A,6.2,"1,810",tt1610301
153,Barbie in Princess Power,"Animation, Family, Fantasy",English,1 win & 2 nominations.,N/A,N/A,Universal Pictures,5.5,639,tt4215332
154,Barbie in Rock 'N Royals,"Animation, Family",English,N/A,N/A,N/A,Rainmaker Entertainment,6.0,599,tt4955162
155,Barbie: Star Light Adventure,"Animation, Family, Sci-Fi",English,N/A,N/A,N/A,Arc Animation and Visual Effects,5.9,512,tt5502946
156,Barbie: A Fairy Secret,"Animation, Family, Fantasy",English,2 nominations.,N/A,N/A,Universal Pictures,5.7,"1,220",tt1800254
157,Barbie: The Princess & the Popstar,"Animation, Family, Musical",English,N/A,N/A,N/A,Universal Studios,5.7,"1,342",tt2396690
158,Barbie Video Game Hero,Animation,English,3 nominations.,N/A,N/A,Mattel Creations,5.1,294,tt6185658
159,I'm in Love with a Church Girl,"Crime, Drama, Romance",English,N/A,23,"$2,380,405",High Top Releasing,4.4,"1,644",tt1618432
160,Monster High: Great Scarrier Reef,"Animation, Fantasy",English,N/A,N/A,N/A,Universal Pictures,6.1,280,tt5475710
161,Monster High: New Ghoul at School,"Animation, Short, Fantasy",English,2 nominations.,N/A,N/A,N/A,6.8,418,tt1789846
163,Unchained: The Untold Story of Freestyle Motocross,Documentary,English,N/A,N/A,N/A,Indie Rights,7.9,199,tt5116896
164,Hit and Run,"Action, Comedy",English,1 win.,50,"$13,600,000",Open Road Films,6.1,"33,494",tt2097307
165,Let It Snow,"Comedy, Romance",English,1 nomination.,51,N/A,Netflix,5.8,"14,285",tt1950235
166,Hope Springs Eternal,"Comedy, Drama",English,N/A,N/A,N/A,Samuel Goldwyn Films,4.8,396,tt5516404
167,The Sea of Trees,"Drama, Fantasy, Mystery","English, Japanese",2 nominations.,23,"$20,083",Waypoint Entertainment,6.1,"12,218",tt3450900
168,Krisha,Drama,English,16 wins & 26 nominations.,86,"$143,978",A24 Films,7.2,"6,473",tt4266638
169,The Journey Is the Destination,Drama,English,4 wins & 1 nomination.,N/A,N/A,N/A,6.3,431,tt3292080
170,Burning Cane,Drama,English,4 wins & 15 nominations.,74,N/A,Array Releasing,5.5,379,tt7358154
171,Seth Meyers: Lobby Baby,Comedy,English,1 nomination.,N/A,N/A,N/A,7.5,"1,580",tt11168100
172,The Lovers,"Drama, Romance",French,2 wins & 1 nomination.,N/A,N/A,Criterion Collection,7.2,"4,455",tt0052556
173,Undercover Brother 2,Comedy,English,N/A,N/A,N/A,N/A,3.4,366,tt6843446
175,Minimalism: A Documentary About the Important Things,Documentary,English,N/A,N/A,N/A,Catalyst Films,6.7,"11,295",tt3810760
176,"Dana Carvey: Straight White Male, 60",Comedy,English,N/A,N/A,N/A,Netflix,6.4,"1,268",tt6217368
177,A Christmas Prince: The Royal Wedding,"Drama, Romance",English,N/A,N/A,N/A,Netflix,5.2,"7,541",tt8709036
178,Takers,"Action, Crime, Thriller","English, Russian",2 wins & 6 nominations.,45,"$57,744,720",Sony Pictures/Screen Gems,6.2,"55,131",tt1135084
179,Hoodwinked Too! Hood vs. Evil,"Animation, Comedy, Crime, Family, Mystery",English,1 win & 1 nomination.,20,"$10,134,754",The Weinstein Co.,4.7,"11,702",tt0844993
180,Holiday Rush,"Comedy, Romance",English,N/A,N/A,N/A,N/A,4.8,"1,515",tt10091530
181,The Irishman,"Biography, Crime, Drama","English, Italian, Latin, Spanish, German",Nominated for 10 Oscars. Another 67 wins & 308 nominations.,94,N/A,Netflix,7.9,"266,617",tt1302006
182,Mike Birbiglia: The New One,Comedy,English,N/A,N/A,N/A,N/A,7.7,898,tt11163014
183,Super Monsters Save Christmas,"Animation, Short, Family, Fantasy",N/A,N/A,N/A,N/A,N/A,4.3,38,tt11193860
184,Harold and Lillian: A Hollywood Love Story,"Documentary, Biography",English,1 nomination.,75,N/A,Adama Films,7.9,554,tt4683668
186,Michael Che Matters,Comedy,English,N/A,N/A,N/A,Netflix,7.1,"1,737",tt6209400
187,Awake,"Crime, Drama, Mystery, Thriller","English, Japanese",1 win & 3 nominations.,33,"$14,296,153",MGM,6.5,"70,890",tt0211933
188,Shot Caller,"Crime, Drama, Thriller",English,1 nomination.,59,N/A,Saban Films,7.3,"65,402",tt4633690
189,Bushwick,"Action, Adventure, Drama, Romance, Thriller",English,2 nominations.,44,N/A,RLJ Entertainment,5.2,"8,450",tt4720702
190,End of Watch,"Action, Crime, Drama, Thriller","English, Spanish",3 wins & 10 nominations.,68,"$39,100,000",Open Road Films,7.6,"219,276",tt1855199
191,Shelby American,"Documentary, Biography, Family, History, Sport",English,N/A,N/A,N/A,N/A,7.5,200,tt10922508
192,The Christmas Chronicles,"Adventure, Comedy, Family, Fantasy","English, Spanish, French, Romanian",2 nominations.,52,N/A,Netflix,7.1,"42,071",tt2990140
193,Barbra: The Music... The Mem'ries... The Magic!,Music,English,N/A,N/A,N/A,N/A,7.5,327,tt7588584
194,Mercy,"Horror, Thriller",English,N/A,N/A,N/A,Universal Pictures,5.0,"4,731",tt2481496
195,The Knight Before Christmas,"Adventure, Comedy, Drama, Fantasy, Romance",English,N/A,N/A,N/A,N/A,5.5,"11,319",tt10060094
196,De Palma,"Documentary, Biography",English,1 win & 4 nominations.,83,"$163,359",Empire Ward,7.4,"4,467",tt1683048
197,Brian Regan: Nunchucks and Flamethrowers,"Documentary, Comedy",English,N/A,N/A,N/A,Netflix,6.1,403,tt7679532
198,Saving Capitalism,Documentary,English,1 nomination.,N/A,N/A,Netflix,6.8,"2,100",tt6185286
199,The Case for Christ,"Biography, Drama",English,4 nominations.,50,"$14,678,714",Pure Flix,6.2,"7,037",tt6113488
200,Be Somebody,"Comedy, Drama, Romance",English,N/A,N/A,N/A,Studio 71,5.6,"3,356",tt5512872
201,"Bikram: Yogi, Guru, Predator","Documentary, Crime",English,1 nomination.,68,N/A,N/A,6.7,"3,854",tt10883004
202,Dream/Killer,"Documentary, Crime",English,1 win.,N/A,N/A,N/A,7.5,636,tt4504438
203,She's Out of My League,"Comedy, Romance","English, Ukrainian",1 nomination.,46,"$28,712,974",Paramount,6.4,"121,462",tt0815236
204,The Devil Inside,Horror,"English, German, Italian",2 wins & 3 nominations.,18,"$53,245,055",Paramount Pictures,4.2,"34,247",tt1560985
205,Young Adult,"Comedy, Drama",English,Nominated for 1 Golden Globe. Another 3 wins & 32 nominations.,71,"$16,295,033",Paramount Studios,6.2,"77,018",tt1625346
206,Puppy Star Christmas,Family,English,2 nominations.,N/A,N/A,N/A,3.4,142,tt8861786
207,Trevor Noah: Son of Patricia,Comedy,"English, Xhosa",2 nominations.,N/A,N/A,N/A,7.2,"2,740",tt9170648
208,A Fairly Odd Summer,"Animation, Comedy, Family, Fantasy",English,N/A,N/A,N/A,Pacific Bay Entertainment,4.2,346,tt3149536
209,Escape from Mr. Lemoncello's Library,Family,English,3 wins & 3 nominations.,N/A,N/A,N/A,5.3,295,tt5878476
210,Legends of the Hidden Temple,"Adventure, Family, Game-Show",English,1 win & 1 nomination.,N/A,na,na,8.1,"2,610",tt0310482
211,"Liar, Liar, Vampire","Comedy, Family",English,N/A,N/A,N/A,Pacific Bay Entertainment,5.8,725,tt4448304
212,Shark Night,Documentary,English,N/A,N/A,N/A,N/A,3.1,110,tt1867055
213,The Massively Mixed-Up Middle School Mystery,"Short, Comedy, Mystery",English,N/A,N/A,N/A,N/A,7.4,54,tt3521770
214,The Holiday Calendar,"Drama, Romance",English,N/A,N/A,N/A,N/A,5.7,"6,928",tt8262802
216,Iliza Shlesinger: Unveiled,Comedy,English,N/A,N/A,N/A,N/A,6.4,866,tt11163008
217,Donald Glover: Weirdo,Comedy,English,N/A,N/A,N/A,Fangoria,7.5,"2,494",tt2345525
218,Colin Quinn: The New York Story,Comedy,English,N/A,N/A,N/A,Netflix,6.7,847,tt6257714
219,Naomi and Ely's No Kiss List,"Comedy, Drama, Romance","English, Spanish",N/A,N/A,N/A,N/A,5.6,"8,597",tt3282858
220,A Christmas Prince,"Comedy, Family, Romance",English,N/A,N/A,N/A,Netflix,5.7,"14,746",tt7608418
221,Mudbound,"Drama, War",English,Nominated for 4 Oscars. Another 36 wins & 113 nominations.,85,N/A,Netflix,7.4,"37,814",tt2396589
222,Santa Claws,"Family, Fantasy",English,N/A,N/A,N/A,The Asylum,3.0,624,tt3922810
223,Drive,"Crime, Drama","English, Spanish",Nominated for 1 Oscar. Another 80 wins & 177 nominations.,78,"$34,300,000",FilmDistrict,7.8,"544,711",tt0780504
224,Jeff Dunham: All Over the Map,Comedy,English,N/A,N/A,N/A,N/A,7.1,720,tt4209802
225,Cam,"Horror, Mystery, Thriller",English,5 wins & 3 nominations.,71,N/A,N/A,5.9,"21,698",tt8361028
226,The Ballad of Buster Scruggs,"Comedy, Drama, Musical, Mystery, Romance, Western","English, French",Nominated for 3 Oscars. Another 8 wins & 36 nominations.,79,N/A,Netflix,7.3,"105,643",tt6412452
227,Earthquake Bird,"Crime, Drama, Mystery, Romance, Thriller","English, Japanese",N/A,51,N/A,Netflix,5.9,"10,169",tt8178486
228,Shopkins: Chef Club,"Animation, Short, Family",English,N/A,N/A,N/A,N/A,4.5,26,tt6241352
229,Clarence Clemons: Who Do I Think I Am?,Documentary,English,N/A,N/A,N/A,N/A,6.4,48,tt10432050
230,DeRay Davis: How to Act Black,Comedy,English,N/A,N/A,N/A,N/A,6.1,354,tt7288084
231,Hickok,Western,English,2 wins & 1 nomination.,49,N/A,Status Media &amp; Entertainment,4.7,"2,431",tt6334884
232,Chelsea Peretti: One of the Greats,Comedy,English,N/A,N/A,N/A,Netflix,7.0,"2,005",tt3804556
233,Chasing Trane: The John Coltrane Documentary,"Documentary, Biography, Music",English,1 nomination.,N/A,N/A,N/A,7.3,"1,523",tt4283892
234,John Mulaney: The Comeback Kid,Comedy,English,N/A,N/A,N/A,Netflix,7.9,"5,625",tt5069564
235,Jeff Garlin: Our Man in Chicago,Comedy,English,N/A,N/A,N/A,N/A,5.8,285,tt11108064
236,Green Room,"Horror, Music, Thriller",English,9 wins & 24 nominations.,79,"$3,219,029",A24 Films,7.0,"98,617",tt4062536
237,Submission,"Drama, Mystery, Romance",English,N/A,N/A,na,na,5.5,"1,249",tt5625066
238,True Memoirs of an International Assassin,"Action, Comedy, Crime",English,N/A,37,N/A,Netflix,5.9,"18,535",tt1542768
239,Bill Burr: Let It Go,Comedy,English,N/A,N/A,N/A,N/A,8.4,"4,382",tt1717578
240,Natalia Valdebenito: Gritona,Comedy,Spanish,N/A,N/A,N/A,Comedy Dynamics,N/A,N/A,tt7160286
241,Kathleen Madigan: Bothering Jesus,Comedy,English,N/A,N/A,N/A,N/A,6.6,394,tt6264486
242,American Son,Drama,English,1 nomination.,34,N/A,Netflix,5.6,"4,787",tt9664078
243,Christmas Break-In,Family,English,N/A,N/A,N/A,N/A,5.5,68,tt8244578
244,Christmas in the Heartland,Family,English,N/A,N/A,N/A,Ascension Media,6.0,608,tt3396114
245,Holly Star,Comedy,English,N/A,N/A,N/A,The Orchard,5.1,307,tt6268734
246,Legion,"Action, Adventure, Fantasy, History, Horror, Sci-Fi",English,N/A,32,"$40,168,080",Screen Gems,5.2,"95,814",tt1038686
247,Santa Girl,"Comedy, Romance",English,N/A,N/A,N/A,N/A,5.0,624,tt7315570
248,Edge of Fear,Thriller,"English, Chinese",N/A,N/A,N/A,Parkside Pictures,4.4,"1,730",tt7149916
249,Filmworker,"Documentary, Biography",English,1 win & 4 nominations.,73,N/A,Kino Lorber,7.4,"2,271",tt6851066
250,Marc Maron: Thinky Pain,Comedy,English,N/A,N/A,N/A,N/A,7.4,"1,439",tt3004634
251,Sommore: The Reign Continues,Comedy,English,N/A,N/A,N/A,N/A,6.4,43,tt4172758
252,Stink!,Documentary,English,1 nomination.,66,N/A,Area 23a,7.1,179,tt4266660
253,The Untold Tales of Armistead Maupin,Documentary,English,4 wins & 2 nominations.,N/A,N/A,The Film Collaborative,7.6,392,tt6151222
254,Savage Dog,"Action, Drama",English,N/A,N/A,N/A,Bleiberg Entertainment,4.9,"2,530",tt5851014
255,Norman Lear: Just Another Version of You,"Documentary, Biography, History",English,5 wins & 1 nomination.,66,"$70,056",Loki Films,7.2,315,tt5275866
256,Aziz Ansari: Buried Alive,"Documentary, Comedy",English,1 nomination.,N/A,N/A,Netflix,7.3,"3,343",tt2836450
257,Bathtubs Over Broadway,"Documentary, Comedy, Music",English,13 wins & 13 nominations.,78,N/A,Focus Features,7.7,641,tt6029778
258,"Norm Macdonald: Hitler's Dog, Gossip & Trickery","Documentary, Comedy",English,N/A,N/A,N/A,Netflix,7.2,"1,992",tt6878486
259,Desolation,"Drama, Horror, Thriller",English,N/A,N/A,N/A,Desolated Productions,4.5,"1,042",tt5047400
260,Hari Kondabolu: Warn Your Relatives,Comedy,English,N/A,N/A,N/A,Netflix,6.5,547,tt8342748
261,Like Arrows,Drama,English,N/A,N/A,N/A,Fathom Events,6.2,192,tt6495388
262,Ali Wong: Baby Cobra,Comedy,English,N/A,N/A,N/A,Netflix,7.5,"5,171",tt5066574
263,Death House,"Action, Crime, Horror, Sci-Fi, Thriller",English,3 wins.,N/A,"$10,295",Hannover House,3.0,"1,222",tt2984576
264,Family Blood,"Horror, Thriller",English,N/A,N/A,N/A,N/A,4.2,"2,099",tt7895904
265,Handsome: A Netflix Mystery Movie,"Comedy, Mystery",English,N/A,N/A,N/A,Netflix,5.2,"3,428",tt5809020
266,The Mars Generation,Documentary,N/A,2 wins & 1 nomination.,N/A,N/A,Netflix,6.5,807,tt6333096
267,4th Man Out,"Comedy, Drama",English,11 wins & 1 nomination.,43,N/A,N/A,6.7,"8,870",tt3978720
268,Always Be My Maybe,"Comedy, Romance",English,1 win & 2 nominations.,64,N/A,Netflix,6.8,"39,296",tt7374948
269,Bombshell: The Hedy Lamarr Story,"Documentary, Biography, History, War","English, German",8 wins & 6 nominations.,70,N/A,Reframed Pictures,7.4,"2,828",tt6752848
270,The One I Love,"Drama, Fantasy, Mystery, Romance, Sci-Fi, Thriller",English,2 wins & 2 nominations.,66,"$511,635",Radius-TWC,7.1,"32,666",tt2756032
271,Sarah Silverman: A Speck of Dust,"Documentary, Comedy",English,N/A,N/A,N/A,Netflix,6.8,"2,917",tt6948354
272,"Extremely Wicked, Shockingly Evil and Vile","Biography, Crime, Drama, Thriller",English,4 wins & 5 nominations.,52,N/A,Netflix,6.6,"65,798",tt2481498
273,The Last Summer,Comedy,English,3 nominations.,N/A,N/A,Netflix,5.5,"9,040",tt7957694
274,The Nutcracker and the Four Realms,"Adventure, Family, Fantasy","English, French",1 win & 8 nominations.,39,N/A,Walt Disney Pictures,5.5,"25,312",tt5523010
275,The Do-Over,"Action, Adventure, Comedy, Mystery",English,N/A,22,N/A,Netflix,5.7,"36,480",tt4769836
276,I am Jane Doe,Documentary,English,1 win.,69,N/A,50 Eggs Films,6.8,"1,345",tt6398054
277,War Machine,"Comedy, Drama, War","English, Pushto",3 nominations.,56,N/A,Netflix,6.0,"38,070",tt4758646
278,Ibiza,"Comedy, Romance",English,N/A,56,N/A,Netflix,5.2,"13,947",tt3685236
279,Steve Martin and Martin Short: An Evening You Will Forget for the Rest of Your Life,Comedy,English,Nominated for 4 Primetime Emmys. Another 1 nomination.,N/A,N/A,Netflix,7.1,"1,984",tt8075256
280,Rim of the World,"Action, Adventure, Comedy, Sci-Fi","English, Chinese",N/A,N/A,N/A,Netflix,5.1,"15,835",tt8179388
281,The Perfection,"Drama, Horror, Thriller",English,3 wins.,60,N/A,N/A,6.1,"28,697",tt7772580
282,Survivors Guide To Prison,Documentary,English,N/A,66,N/A,Gravitas Ventures,7.1,897,tt4323370
283,Tig Notaro: Happy To Be Here,Comedy,English,N/A,N/A,N/A,Netflix,6.5,833,tt8342946
284,Jen Kirkman: I'm Gonna Die Alone (And I Feel Fine),Comedy,English,N/A,N/A,N/A,N/A,6.8,"1,231",tt4703660
285,"The Other One: The Long, Strange Trip of Bob Weir","Documentary, Biography, Music",English,1 win.,N/A,N/A,N/A,7.4,"1,155",tt3692768
286,Moonlight,Drama,English,Won 3 Oscars. Another 226 wins & 288 nominations.,99,"$27,850,910",A24 Films,7.4,"249,606",tt4975722
287,Wanda Sykes: Not Normal,Comedy,N/A,Nominated for 2 Primetime Emmys. Another 3 nominations.,N/A,N/A,Netflix,7.1,"1,241",tt9169592
288,Her Only Choice,Drama,English,1 nomination.,N/A,N/A,N/A,5.5,99,tt8879666
289,John Carter,"Action, Adventure, Sci-Fi",English,2 wins & 8 nominations.,51,"$73,058,679",Walt Disney Pictures,6.6,"247,958",tt0401729
290,Olympus Has Fallen,"Action, Thriller","English, Korean",1 win & 5 nominations.,41,"$98,600,000",FilmDistrict,6.5,"246,902",tt2302755
291,Maria Bamford: Old Baby,"Documentary, Comedy",English,N/A,N/A,N/A,Netflix,5.9,845,tt6264596
292,SGT. Will Gardner,"Action, Adventure, Drama, War",English,N/A,30,N/A,Cinedigm,5.9,779,tt1650060
293,Small Town Crime,"Crime, Mystery, Thriller",English,N/A,68,N/A,Saban Films,6.6,"9,046",tt5751998
294,The Brawler,"Action, Drama, Sport",Hindi,N/A,N/A,N/A,N/A,8.1,"5,194",tt7180544
295,First Impression,Comedy,English,N/A,N/A,N/A,N/A,5.3,24,tt9203202
296,See You Yesterday,"Action, Adventure, Crime, Drama, Sci-Fi, Thriller",English,2 wins & 2 nominations.,74,N/A,Netflix,5.1,"7,544",tt8743064
297,Tinker Bell and the Legend of the NeverBeast,"Animation, Adventure, Family, Fantasy",English,1 win & 1 nomination.,52,"$1,204,288",DisneyToon Studios,7.3,"7,011",tt3120408
298,Good Sam,Comedy,English,N/A,N/A,N/A,N/A,5.6,"2,035",tt9032888
299,Limitless,"Sci-Fi, Thriller","English, Russian, Italian, Mandarin, French",2 wins & 8 nominations.,59,"$79,230,923",Relativity Media,7.4,"508,814",tt1219289
300,The Place Beyond the Pines,"Crime, Drama, Thriller","English, Spanish",4 wins & 21 nominations.,68,"$21,300,000",Focus Features,7.3,"234,512",tt1817273
301,Tracy Morgan: Staying Alive,Comedy,English,N/A,N/A,N/A,Netflix,6.1,"1,082",tt6680270
302,Lovesong,"Drama, Romance",English,1 win & 3 nominations.,74,"$10,545",Strand Releasing,6.3,"3,601",tt4305148
305,Malibu Rescue,"Action, Adventure, Comedy, Family",English,N/A,N/A,N/A,Netflix,4.7,609,tt9228950
306,Ali Wong: Hard Knock Wife,Comedy,English,N/A,N/A,N/A,Netflix,7.3,"3,396",tt7410684
307,Spivak,Comedy,English,N/A,N/A,N/A,Echo Parked Productions,5.5,501,tt6342110
308,Get Me Roger Stone,"Documentary, Biography",English,2 wins.,75,N/A,N/A,7.4,"5,824",tt6714534
309,Wine Country,Comedy,English,1 nomination.,56,N/A,Netflix,5.4,"16,193",tt8169446
310,Russell Madness,Family,English,N/A,N/A,N/A,Fox,4.2,531,tt4257950
312,Hidden in Plain Sight,Thriller,English,N/A,N/A,N/A,N/A,4.1,388,tt8609926
313,Knock Down the House,Documentary,English,6 wins & 9 nominations.,80,N/A,Netflix,6.9,"8,996",tt9358052
314,Darc,"Action, Thriller","English, Japanese",1 win & 1 nomination.,N/A,N/A,N/A,5.8,"3,186",tt4594836
315,Jewel's Catch One,Documentary,English,2 wins.,N/A,N/A,Netflix,7.6,41,tt5562172
316,John Mulaney: Kid Gorgeous at Radio City,Comedy,English,N/A,N/A,N/A,Netflix,7.9,"4,691",tt8271714
317,The Carter Effect,"Documentary, Sport",English,1 nomination.,N/A,N/A,N/A,7.1,"1,190",tt7284952
318,The Clapper,"Comedy, Drama",English,1 nomination.,21,N/A,Momentum Pictures,5.1,"5,494",tt5461956
319,A Kind of Murder,"Crime, Drama, Thriller",English,N/A,50,N/A,Killer Films,5.3,"6,309",tt2726552
320,Defying the Nazis: The Sharps' War,"Documentary, Biography, History, War",English,2 wins.,N/A,N/A,PBS,7.2,447,tt1339660
321,Don't Think Twice,"Comedy, Drama",English,7 nominations.,83,"$4,417,983",The Film Arcade,6.7,"16,032",tt4972062
322,Harry Benson: Shoot First,Documentary,English,N/A,74,"$17,839",Quixotic Endeavors,7.2,330,tt3319844
323,Maya Angelou And Still I Rise,"Documentary, Biography, History",English,6 wins & 5 nominations.,66,N/A,American Masters Pictures,7.8,420,tt5142750
324,The Outsider,"Crime, Drama, Mystery, Thriller",English,N/A,N/A,na,na,8.0,"40,485",tt8550800
325,Match,"Comedy, Drama","English, French",N/A,62,"$30,469",IFC Films,6.7,"2,000",tt2637378
326,Peter and the Farm,Documentary,English,2 wins & 1 nomination.,80,"$17,465",Cinema Conservancy,7.2,591,tt5535814
327,Blue Jasmine,Drama,English,Won 1 Oscar. Another 55 wins & 79 nominations.,78,N/A,Sony Pictures Classics,7.3,"184,934",tt2334873
328,Juanita,Drama,"English, Spanish",2 nominations.,N/A,N/A,Netflix,6.0,"1,786",tt6155456
329,Walk. Ride. Rodeo.,Drama,English,N/A,N/A,N/A,N/A,6.4,"1,363",tt5848416
330,Nappily Ever After,"Comedy, Drama, Romance",English,1 win & 4 nominations.,63,N/A,Netflix,6.4,"6,961",tt0365545
331,Amy Schumer: The Leather Special,Comedy,English,1 nomination.,N/A,N/A,Netflix,2.9,"8,943",tt6616074
332,Halo: The Fall of Reach,"Animation, Action, Adventure, Family, Sci-Fi, War",N/A,N/A,N/A,na,na,5.7,"2,617",tt4856322
333,Aliens Ate My Homework,"Adventure, Comedy, Family, Fantasy, Sci-Fi",English,7 wins & 6 nominations.,N/A,N/A,N/A,4.7,"1,058",tt6624126
334,Gad Elmaleh: American Dream,Comedy,English,N/A,N/A,N/A,Netflix,7.2,702,tt8110630
335,Gook,Drama,"English, Korean",6 wins & 10 nominations.,69,"$222,191",Samuel Goldwyn Films,7.0,"2,019",tt6057032
337,My Own Man,"Documentary, Comedy, Drama, Family",English,N/A,N/A,N/A,16 Tons Productions,6.4,326,tt3356434
338,Christopher Robin,"Adventure, Comedy, Drama, Family, Fantasy",English,Nominated for 1 Oscar. Another 1 win & 9 nominations.,60,N/A,N/A,7.3,"62,099",tt4575576
339,The Hard Way,"Action, Comedy, Crime",English,1 nomination.,N/A,N/A,MCA Universal Home Video,6.4,"17,657",tt0102004
340,F*&% the Prom,"Comedy, Drama",English,N/A,N/A,N/A,N/A,4.2,"4,164",tt5612742
341,Mercy Black,"Horror, Mystery, Thriller",English,N/A,48,N/A,N/A,4.9,"1,861",tt8758086
342,The Discovery,"Drama, Romance, Sci-Fi, Thriller",English,N/A,54,N/A,Netflix,6.3,"26,892",tt5155780
343,Covered-Alive in Asia,Documentary,English,N/A,N/A,N/A,N/A,5.2,12,tt4818644
344,First Match,"Drama, Sport",English,2 wins & 1 nomination.,68,N/A,Netflix,6.4,"1,741",tt6061074
345,Happy Anniversary,Comedy,English,N/A,N/A,N/A,Netflix,5.7,"3,407",tt6423886
346,Officer Downe,"Action, Comedy, Sci-Fi",English,N/A,26,$734,Blackmrkt,4.2,"1,737",tt4439102
347,Exit Strategy,"Comedy, Romance",English,N/A,N/A,N/A,Ask Around Entertainment,3.1,351,tt1723123
348,The Bleeder,Short,English,N/A,N/A,N/A,N/A,8.0,5,tt0996358
349,The Highwaymen,"Biography, Crime, Drama, Mystery, Thriller","English, Spanish",2 nominations.,58,N/A,Netflix,6.9,"62,355",tt1860242
350,Wolves,"Action, Fantasy, Horror, Thriller",English,N/A,37,N/A,Ketchup Entertainment,5.3,"7,725",tt1403241
351,Jo Koy: Live from Seattle,Comedy,English,N/A,N/A,N/A,Netflix,7.1,992,tt6720442
352,Nate Bargatze: The Tennessee Kid,Comedy,English,N/A,N/A,N/A,Netflix,7.5,595,tt9861504
353,Kung Fu Panda: Secrets of the Scroll,"Animation, Short, Action, Adventure, Comedy, Family",English,1 nomination.,N/A,N/A,DreamWorks Animation,7.1,"1,459",tt5513770
354,The C Word,Drama,English,2 nominations.,N/A,N/A,BBC,7.6,476,tt3568218
355,The Most Hated Woman in America,"Biography, Drama, History",English,N/A,41,N/A,Netflix,6.1,"3,939",tt4842646
356,I Don't Know How She Does It,"Comedy, Romance",English,2 wins & 2 nominations.,38,"$9,500,000",The Weinstein Co.,4.9,"18,923",tt1742650
357,"Game Over, Man!","Action, Comedy",English,2 nominations.,32,N/A,Netflix,5.4,"23,943",tt3317234
358,Paradox,"Action, Drama, Sci-Fi",English,N/A,N/A,N/A,Parkside Pictures,4.6,"3,067",tt4540434
359,Roxanne Roxanne,"Biography, Drama, Music",English,1 win & 4 nominations.,74,N/A,N/A,6.2,"2,430",tt5796838
360,The Dirt,"Biography, Comedy, Drama, Music",English,N/A,39,N/A,N/A,7.0,"34,302",tt0800325
361,Axl Rose: The Prettiest Star,"Documentary, Biography, Music",English,N/A,N/A,N/A,N/A,6.9,26,tt1278004
362,Wakefield,Drama,English,1 win & 1 nomination.,62,N/A,IFC Films,6.3,"14,364",tt5195412
363,Danny Says,"Documentary, Animation, Biography, History, Music",English,2 wins & 2 nominations.,64,"$43,684",Magnolia Pictures,6.7,670,tt4485246
364,Amy Schumer: Growing,Comedy,English,Nominated for 1 Primetime Emmy. Another 2 nominations.,N/A,N/A,Netflix,5.3,"3,038",tt9770590
365,Tinker Tailor Soldier Spy,"Drama, Mystery, Thriller","English, Russian, Hungarian, French, Turkish",Nominated for 3 Oscars. Another 35 wins & 96 nominations.,85,"$20,200,000",Focus Features,7.1,"179,725",tt1340800
366,In Search of Fellini,"Adventure, Drama, Romance",English,4 wins.,55,"$10,796",AMBI Distribution,6.2,"1,700",tt4801232
367,All About Nina,"Comedy, Drama, Romance",English,2 nominations.,70,N/A,The Orchard,6.0,"1,595",tt7542576
368,Best Worst Thing That Ever Could Have Happened...,Documentary,English,N/A,81,"$104,005",Atlas Media Corporation,7.7,333,tt3282712
369,Pee-wee's Big Holiday,"Comedy, Family","English, Spanish",N/A,63,N/A,N/A,6.1,"6,685",tt0837156
370,5 Flights Up,"Comedy, Drama",English,1 win.,55,N/A,Focus Features,6.2,"8,649",tt2933544
371,Deidra & Laney Rob a Train,"Comedy, Crime, Drama",English,1 nomination.,65,N/A,Netflix,6.1,"1,443",tt4144332
372,5 to 7,"Comedy, Drama, Romance","English, French",1 win & 1 nomination.,52,"$117,066",IFC Films,7.1,"17,692",tt2486678
373,The Hollow Point,"Crime, Drama, Thriller, Western",English,N/A,41,N/A,Vertical Entertainment,5.4,"5,125",tt2918606
374,Jeff Dunham: Controlled Chaos,Comedy,English,N/A,N/A,N/A,N/A,7.5,"2,047",tt2058636
375,Jeff Dunham: Minding the Monsters,Comedy,English,N/A,N/A,N/A,N/A,7.1,"1,182",tt2461736
376,The Student,Drama,Russian,15 wins & 25 nominations.,76,N/A,Under the Milky Way,6.9,"4,307",tt4874206
378,Mango Dreams,"Adventure, Drama",English,10 wins.,N/A,N/A,N/A,7.9,125,tt5069158
379,Namour,Drama,"Arabic, English",2 wins.,N/A,N/A,N/A,6.6,37,tt3752896
380,12 Round Gun,"Drama, Sport",English,14 wins & 1 nomination.,N/A,N/A,N/A,4.6,183,tt3396208
381,Jim Norton: Mouthful of Shame,Comedy,English,N/A,N/A,N/A,Netflix,6.8,"1,196",tt6664120
382,Triple Frontier,"Action, Adventure, Crime, Drama, Thriller","English, Spanish, Portuguese",2 nominations.,61,N/A,N/A,6.4,"92,364",tt1488606
384,Kygo: Live at the Hollywood Bowl,"Documentary, Music",English,N/A,N/A,N/A,N/A,6.6,89,tt7808118
385,Troy the Odyssey,"Action, Adventure, Fantasy",English,N/A,N/A,N/A,The Asylum,2.6,512,tt5734548
386,Bitch,"Comedy, Drama, Thriller",English,1 win & 1 nomination.,55,N/A,N/A,5.0,"1,653",tt6069264
387,Burning Sands,Drama,English,4 nominations.,63,N/A,Netflix,6.1,"2,391",tt5826432
388,An Interview with God,"Drama, Mystery",English,N/A,N/A,N/A,N/A,5.7,"2,716",tt5779372
389,Christmas in the Smokies,"Drama, Family, Romance",English,N/A,N/A,N/A,N/A,5.9,"1,078",tt4923846
390,Haunting on Fraternity Row,Horror,English,N/A,N/A,N/A,Vertical Entertainment,3.8,714,tt6089358
391,Radio Rebel,"Comedy, Drama, Family",English,1 win.,N/A,N/A,Image Entertainment,6.0,"7,737",tt2008633
392,The Christmas Project,Family,"English, Italian, French",N/A,N/A,N/A,N/A,5.7,184,tt5271120
393,Winter's Bone,"Drama, Mystery",English,Nominated for 4 Oscars. Another 63 wins & 126 nominations.,90,"$6,200,000",Roadside Attractions,7.2,"131,246",tt1399683
394,2307: Winter's Dream,Sci-Fi,English,8 wins & 1 nomination.,N/A,N/A,N/A,3.8,"1,450",tt4261326
395,Ai Weiwei: Never Sorry,Documentary,"English, Mandarin",9 wins & 14 nominations.,81,"$500,000",IFC Films,7.6,"4,042",tt1845773
396,Battle Drone,"Action, Sci-Fi",English,N/A,N/A,N/A,N/A,5.6,"1,992",tt2936390
397,Love Beats Rhymes,"Drama, Musical",English,N/A,54,N/A,Lionsgate,5.4,744,tt4686108
398,Monster High: 13 Wishes,Animation,English,N/A,N/A,N/A,Universal Pictures,6.8,660,tt3159812
399,Monster High: Ghouls Rule!,"Animation, Family",English,N/A,N/A,N/A,Universal Pictures,5.8,638,tt2446108
400,True to the Game,Drama,English,N/A,N/A,N/A,N/A,5.1,558,tt5116504
402,Blue Mountain State: The Rise of Thadland,"Comedy, Sport",English,3 wins.,N/A,N/A,N/A,5.8,"14,322",tt3748440
403,Hot Bot,"Comedy, Sci-Fi",English,N/A,N/A,N/A,N/A,3.3,"3,344",tt2854394
404,Beneath the Leaves,Thriller,English,N/A,N/A,N/A,Vertical Entertainment,4.5,"1,128",tt4574654
405,Alex Strangelove,"Comedy, Drama, Romance",English,N/A,62,N/A,Netflix,6.3,"13,016",tt5688996
406,The Black Godfather,Documentary,English,4 wins & 2 nominations.,69,N/A,Netflix,7.4,699,tt10289996
407,The Push,"Short, Thriller",English,3 wins.,N/A,N/A,N/A,6.9,27,tt5810128
408,A Perfect Man,"Drama, Thriller",French,N/A,N/A,N/A,N/A,6.7,"2,985",tt4058500
409,Cabin Fever,Horror,English,3 wins & 12 nominations.,56,"$21,113,424",Lion&#39;s Gate Films,5.7,"71,622",tt0303816
410,Christian Mingle,"Comedy, Romance","English, Spanish",N/A,N/A,"$19,836",Rocky Mountain Pictures,4.2,"1,358",tt3398066
411,Dolphin Kick,Adventure,English,N/A,N/A,N/A,N/A,4.3,223,tt5774054
412,Jiro Dreams of Sushi,Documentary,Japanese,2 wins & 12 nominations.,77,"$200,000",Magnolia Pictures,7.9,"31,937",tt1772925
413,Would You Rather,"Horror, Thriller",English,1 nomination.,20,N/A,IFC Films,5.7,"34,972",tt1999995
414,Thor: Ragnarok,"Action, Adventure, Comedy, Fantasy, Sci-Fi",English,6 wins & 48 nominations.,74,"$314,971,245",Walt Disney Pictures,7.9,"536,718",tt3501632
415,Miranda Sings Live... Your Welcome,Comedy,English,N/A,N/A,N/A,N/A,5.5,340,tt9557190
416,The Lamb,"Adventure, Comedy, Western",English,N/A,N/A,N/A,Triangle Distribution,5.6,38,tt0005600
417,Night Moves,"Drama, Thriller",English,2 wins & 3 nominations.,75,N/A,Cinedigm Entertainment,6.0,"13,513",tt2043933
418,Bill Burr: You People Are All the Same.,Comedy,English,N/A,N/A,N/A,Netflix,8.3,"5,525",tt2290153
419,Mohawk,"Action, Drama, History, Horror, Romance, Thriller, War, Western","English, Mohawk, French",N/A,70,N/A,Dark Sky Films,4.5,"1,185",tt5189828
420,Bo Burnham: Make Happy,"Comedy, Music",English,N/A,N/A,N/A,Netflix,8.4,"7,493",tt5192124
421,Pierre Jackson,N/A,English,N/A,N/A,N/A,N/A,N/A,N/A,tt7031338
422,Tau,"Sci-Fi, Thriller",English,1 nomination.,43,N/A,Addictive Pictures,5.8,"23,406",tt4357394
423,Ralphie May: Imperfectly Yours,"Documentary, Comedy",English,N/A,N/A,N/A,N/A,5.6,110,tt3216296
424,20th Century Women,"Comedy, Drama",English,Nominated for 1 Oscar. Another 12 wins & 70 nominations.,83,"$5,663,854",A24 Films,7.3,"36,395",tt4385888
425,Staged Killer,Thriller,English,N/A,N/A,N/A,N/A,3.3,205,tt10048556
426,Chris D'Elia: Man on Fire,"Documentary, Comedy",English,N/A,N/A,N/A,Netflix,6.6,"1,255",tt7068896
427,Spider-Man: Into the Spider-Verse,"Animation, Action, Adventure, Family, Sci-Fi","English, Spanish",Won 1 Oscar. Another 76 wins & 54 nominations.,87,N/A,Sony Pictures,8.4,"302,962",tt4633694
428,Star Wars: Episode VIII - The Last Jedi,"Action, Adventure, Fantasy, Sci-Fi",English,Nominated for 4 Oscars. Another 22 wins & 89 nominations.,85,"$619,117,636",Walt Disney Pictures,7.0,"527,603",tt2527336
429,W. Kamau Bell: Private School Negro,Comedy,English,N/A,N/A,N/A,Netflix,6.3,630,tt8467788
430,I Am Michael,"Biography, Drama, Romance",English,8 wins & 3 nominations.,56,N/A,Brainstorm Media,5.6,"4,533",tt3713030
431,Mike Epps: Only One Mike,Comedy,English,N/A,N/A,N/A,Netflix,4.7,212,tt10376958
432,The Fundamentals of Caring,"Comedy, Drama",English,3 nominations.,55,N/A,Netflix,7.3,"52,343",tt2452386
433,American Anarchist,Documentary,English,3 nominations.,58,N/A,Bow and Arrow Entertainment,5.8,"1,536",tt6032170
434,You Get Me,"Crime, Drama, Romance, Thriller",English,N/A,N/A,N/A,Netflix,4.6,"10,532",tt5539054
435,Advantageous,"Drama, Family, Sci-Fi","English, French",7 wins & 3 nominations.,59,N/A,Film Presence,6.2,"4,174",tt3090670
436,Puss in Book: Trapped in an Epic Tale,"Animation, Short, Adventure, Comedy, Family, Fantasy",English,N/A,N/A,N/A,Netflix,5.3,325,tt7042082
437,Rory Scovel Tries Stand-Up for the First Time,"Documentary, Comedy",English,N/A,N/A,N/A,Netflix,6.7,689,tt7044010
438,The Duel,"Drama, Western","English, Spanish",1 win.,42,N/A,Mandeville Films,5.8,"9,153",tt2436682
439,Beats,Drama,English,1 nomination.,N/A,N/A,N/A,6.4,"3,469",tt8530978
440,Running for Grace,"Family, Romance",English,N/A,N/A,N/A,N/A,6.1,"1,118",tt5696326
441,Adam Devine: Best Time of Our Lives,Comedy,English,N/A,N/A,N/A,Netflix,5.7,745,tt10376844
442,Big Kill,"Action, Western",English,1 win.,42,N/A,Archstone Distribution,5.2,754,tt7730102
443,Bob Lazar: Area 51 & Flying Saucers,Documentary,English,N/A,N/A,N/A,The Orchard,5.5,"3,663",tt9107368
444,The Stanford Prison Experiment,"Biography, Drama, History, Thriller",English,4 wins & 3 nominations.,67,N/A,IFC Films,6.9,"34,546",tt0420293
445,Cop Car,"Crime, Thriller",English,1 win & 4 nominations.,66,"$128,002",Focus World,6.3,"28,762",tt3813310
446,Set It Up,"Comedy, Romance",English,N/A,62,N/A,Netflix,6.5,"36,924",tt5304992
447,The Pirate Fairy,"Animation, Adventure, Family, Fantasy",English,5 nominations.,51,"$5,545,809",Walt Disney Home Entertainment,6.6,"11,595",tt2483260
448,Murder Mystery,"Action, Comedy, Crime, Mystery, Romance","English, French",1 win & 6 nominations.,38,N/A,Netflix,6.0,"83,760",tt1618434
449,Cutie and the Boxer,"Documentary, Biography","English, Japanese",Nominated for 1 Oscar. Another 8 wins & 13 nominations.,83,"$199,274",Radius,7.2,"4,399",tt2355540
451,Dragonheart: Battle for the Heartfire,Fantasy,English,N/A,N/A,N/A,N/A,5.3,"1,894",tt5610626
452,"Oh, Hello on Broadway",Comedy,English,N/A,N/A,N/A,Netflix,7.8,"1,977",tt6987652
453,Reincarnated,"Documentary, Music",English,1 nomination.,42,N/A,AEC,6.2,"2,272",tt2312602
454,Jo Koy: Comin' in Hot,Comedy,English,N/A,N/A,N/A,N/A,7.3,578,tt10377036
455,Rolling Thunder Revue: A Bob Dylan Story by Martin Scorsese,"Documentary, Biography, History, Music",English,2 wins & 9 nominations.,86,N/A,Netflix,7.7,"3,940",tt9577852
458,Havenhurst,"Horror, Mystery, Thriller",English,1 nomination.,N/A,N/A,Brainstorm Media,4.8,"3,415",tt3424690
459,50/50,"Comedy, Drama, Romance",English,Nominated for 2 Golden Globes. Another 12 wins & 26 nominations.,72,"$35,005,118",Summit Entertainment,7.6,"307,206",tt1306980
460,Bullitt County,"Action, Drama, Thriller",English,8 wins & 4 nominations.,50,N/A,Mr. Pictures,4.9,459,tt6140148
461,The Satan Bug,"Crime, Mystery, Sci-Fi, Thriller",English,N/A,N/A,N/A,United Artists,6.2,"2,043",tt0059678
462,The Space Between Us,"Drama, Romance, Sci-Fi",English,4 nominations.,33,"$7,829,766",STX Entertainment,6.4,"44,834",tt3922818
463,Then Came You,"Adventure, Comedy, Drama",N/A,N/A,44,N/A,SHOUT! STUDIOS,7.0,"7,364",tt4859168
464,Outside In,Drama,English,2 wins & 2 nominations.,76,N/A,The Orchard,6.6,"2,434",tt7260048
465,Betting on Zero,Documentary,"English, Spanish",1 win & 3 nominations.,72,N/A,N/A,7.2,"4,141",tt3762912
466,Catfight,"Comedy, Drama",English,N/A,66,N/A,N/A,5.8,"4,680",tt5294198
467,Little Boxes,"Comedy, Drama",English,5 nominations.,52,N/A,Gunpowder &amp; Sky,5.9,"1,321",tt5030402
468,Aziz Ansari: Right Now,Comedy,English,1 nomination.,N/A,N/A,Netflix,7.5,"3,696",tt10575038
469,The Invitation,"Drama, Horror, Mystery, Thriller",English,4 wins & 14 nominations.,74,"$231,703",Drafthouse Films,6.6,"80,115",tt2400463
470,1 Mile to You,"Drama, Romance, Sport",English,N/A,N/A,N/A,Gravitas Ventures,6.3,"2,105",tt2184233
471,Take Me,"Comedy, Crime",English,N/A,56,"$2,583",The Orchard,6.1,"3,470",tt6598626
472,"Monster High: Scaris, City of Frights",Animation,English,N/A,N/A,N/A,N/A,6.9,347,tt3611432
473,The Legacy of a Whitetail Deer Hunter,"Comedy, Drama",English,N/A,49,N/A,Netflix,5.5,"3,095",tt4762824
474,Speech & Debate,"Comedy, Drama",English,N/A,46,N/A,Sycamore Pictures,5.9,"1,151",tt4843344
475,Blue Valentine,"Drama, Romance",English,Nominated for 1 Oscar. Another 9 wins & 54 nominations.,81,"$9,600,000",Weinstein Company,7.4,"176,470",tt1120985
476,Sommore: Chandelier Status,Comedy,English,N/A,N/A,N/A,eOne Entertainment Distribution,6.3,70,tt3012832
478,Joan Rivers: Don't Start with Me,Comedy,English,N/A,N/A,N/A,N/A,6.6,299,tt2519318
479,Katt Williams: Kattpacalypse,Comedy,English,N/A,N/A,N/A,N/A,5.5,549,tt2370686
480,Her,"Drama, Romance, Sci-Fi",English,Won 1 Oscar. Another 81 wins & 184 nominations.,90,"$17,901,029",Warner Bros. Pictures,8.0,"503,705",tt1798709
481,Tallulah,"Comedy, Drama, Romance",English,1 nomination.,63,N/A,Netflix,6.7,"16,264",tt1639084
482,The Company Men,Drama,English,2 wins & 11 nominations.,69,"$4,439,063",The Weinstein Company,6.7,"42,246",tt1172991
483,The Incredible Jessica James,Comedy,English,3 nominations.,72,N/A,Netflix,6.5,"5,630",tt5990342
484,Extinction,"Action, Drama, Sci-Fi, Thriller",English,1 win.,40,N/A,Netflix,5.8,"41,623",tt3201640
485,1st Summoning,Horror,English,N/A,N/A,N/A,N/A,3.3,786,tt8142044
486,Barely Lethal,"Action, Adventure, Comedy",English,N/A,44,N/A,A24 and DIRECTV,5.4,"18,692",tt1731701
487,Mississippi Grind,"Comedy, Drama",English,2 wins & 3 nominations.,77,"$129,747",A24 and DIRECTV,6.4,"18,539",tt2349144
488,Mojave,"Drama, Thriller","English, Spanish",N/A,41,N/A,N/A,5.2,"4,024",tt2322517
489,The End of the Tour,"Biography, Drama",English,4 wins & 17 nominations.,82,N/A,A24 Films,7.3,"27,230",tt3416744
490,Joe Mande's Award-Winning Comedy Special,"Documentary, Comedy",English,N/A,N/A,N/A,N/A,6.1,395,tt7183876
491,Lizzie Borden Took an Ax,"Crime, Drama, Mystery, Thriller",English,3 nominations.,N/A,N/A,Sony Pictures Entertainment,5.8,"4,920",tt3118958
493,Tusk,"Comedy, Drama, Horror",English,2 wins & 7 nominations.,55,N/A,A24 Films,5.3,"43,524",tt3099498
494,Victor,"Biography, Crime, Drama",English,1 win & 2 nominations.,N/A,N/A,N/A,6.7,228,tt3222852
495,The Competition,"Drama, Romance, Music",English,Nominated for 2 Oscars. Another 3 nominations.,N/A,N/A,Columbia Pictures,6.7,"1,686",tt0080556
496,D.L. Hughley: Contrarian,Comedy,English,N/A,N/A,N/A,Netflix,6.5,479,tt8426270
497,Demetri Martin: The Overthinker,Comedy,English,N/A,N/A,N/A,Netflix,7.2,"1,233",tt7725144
498,Life After Beth,"Comedy, Fantasy, Horror, Romance",English,6 nominations.,50,N/A,A24 and DIRECTV,5.6,"18,949",tt2581244
499,Internet Famous,Comedy,English,N/A,N/A,N/A,Cinemand,3.5,"1,030",tt5291862
500,The Iron Cowboy the Story of the 50-50-50,Documentary,English,N/A,N/A,N/A,N/A,N/A,N/A,tt6183106
501,Obvious Child,"Comedy, Drama, Romance",English,10 wins & 29 nominations.,76,N/A,A24 Films,6.8,"22,542",tt2910274
502,Say When,"Short, Drama",English,N/A,N/A,N/A,N/A,N/A,N/A,tt1850423
503,Secret Obsession,"Drama, Mystery, Thriller",English,N/A,N/A,N/A,N/A,4.3,"15,294",tt9419834
504,Short Term 12,Drama,English,36 wins & 71 nominations.,82,N/A,Cinedigm,8.0,"77,120",tt2370248
505,Tig,Documentary,English,3 nominations.,N/A,N/A,N/A,7.4,"2,215",tt3986532
506,"Frankenstein's Monster's Monster, Frankenstein","Short, Comedy",English,N/A,N/A,N/A,N/A,5.9,"1,667",tt10516390
507,We Belong Together,Thriller,English,N/A,N/A,N/A,N/A,4.6,502,tt8417466
508,Love Shot,"Comedy, Crime, Romance",English,2 wins.,N/A,N/A,N/A,5.9,520,tt7543072
509,A Glimpse Inside the Mind of Charles Swan III,Comedy,"English, Russian, Spanish",1 nomination.,28,"$33,786",Swan Design Studios,4.8,"4,783",tt2044729
510,Froning: The Fittest Man in History,Documentary,English,N/A,N/A,N/A,N/A,6.7,"1,078",tt5079382
511,The Adderall Diaries,"Crime, Drama, Thriller",English,2 nominations.,42,"$11,287",A24 and DIRECTV,5.2,"3,824",tt1735907
512,The Spectacular Now,"Comedy, Drama, Romance",English,10 wins & 31 nominations.,82,N/A,A24,7.1,"138,662",tt1714206
513,Holidays,"Fantasy, Horror, Mystery",English,3 nominations.,50,N/A,Distant Corners Entertainment Group,5.1,"9,519",tt4419364
514,Rebirth,Thriller,"English, French",N/A,N/A,N/A,Netflix,5.0,"3,772",tt4902716
515,Tony Robbins: I Am Not Your Guru,Documentary,English,3 wins & 1 nomination.,51,N/A,RadicalMedia,6.7,"3,442",tt5151716
517,To the Bone,Drama,English,2 nominations.,64,N/A,Netflix,6.8,"36,154",tt5541240
518,Creep,"Horror, Thriller",English,4 wins & 3 nominations.,74,N/A,Radius-TWC,6.3,"35,318",tt2428170
519,How It Ends,"Action, Adventure, Drama, Mystery, Sci-Fi, Thriller",English,3 nominations.,36,N/A,Netflix,5.0,"40,325",tt5246700
520,Jim Jefferies: This Is Me Now,Comedy,English,N/A,N/A,N/A,Netflix,7.3,"3,046",tt8617844
521,Kevin Hart: Let Me Explain,"Documentary, Comedy",English,1 win & 1 nomination.,53,"$32,200,000",Summit Entertainment,6.8,"8,177",tt2609912
522,The Signal,"Drama, Mystery, Sci-Fi, Thriller",English,1 win & 3 nominations.,54,"$402,321",Focus Features,6.1,"60,208",tt2910814
523,D.L. Hughley: Clear,Comedy,English,N/A,N/A,N/A,N/A,6.7,200,tt3589494
524,Tom Segura: Completely Normal,"Documentary, Comedy",English,N/A,N/A,N/A,N/A,7.8,"1,774",tt3500822
525,Black,Drama,"Hindi, English",56 wins & 4 nominations.,N/A,"$125,342",Evokative Films,8.2,"32,037",tt0375611
526,The Battered Bastards of Baseball,"Documentary, Sport",English,N/A,75,N/A,Netflix,8.0,"2,612",tt3445270
527,Chris Tucker Live,"Documentary, Comedy",English,N/A,N/A,N/A,Netflix,6.3,"1,584",tt4835636
528,Katherine Ryan: Glitter Room,Comedy,English,N/A,N/A,N/A,Netflix,6.5,876,tt10438648
529,Kill the Irishman,"Biography, Crime, Drama",English,1 nomination.,50,"$1,187,711",Anchor Bay,7.1,"43,702",tt1416801
544,Soul to Keep,"Horror, Thriller","English, American Sign Language",1 win & 1 nomination.,N/A,N/A,N/A,4.3,767,tt5031658
545,Swiped,Comedy,English,N/A,N/A,N/A,Marvista Entertainment,4.1,"10,160",tt4867110
547,The Book of Eli,"Action, Adventure, Drama, Thriller",English,3 wins & 16 nominations.,53,"$94,800,000",Warner Bros. Pictures,6.9,"282,036",tt1037705
548,Bo Burnham: what.,"Comedy, Music",English,N/A,N/A,N/A,N/A,8.5,"6,312",tt3210258
549,Dream Big: Engineering Our World,"Documentary, Short",English,2 wins & 1 nomination.,N/A,N/A,N/A,6.4,325,tt6484086
550,Duck Butter,"Comedy, Drama, Romance","English, Catalan, Spanish",N/A,58,N/A,The Orchard,5.2,"2,283",tt6958014
551,The Feels,"Comedy, Romance",English,3 wins & 3 nominations.,N/A,N/A,Provenance Pictures,5.1,"1,374",tt5831402
552,1 Chance 2 Dance,"Drama, Family",English,N/A,N/A,N/A,WARNER BROTHERS PICTURES,4.8,499,tt2388856
553,Here Alone,"Drama, Horror, Sci-Fi, Thriller","English, French",2 wins.,59,N/A,Vertical Entertainment,5.6,"5,906",tt4814760
554,Jim Jefferies: Freedumb,Comedy,English,N/A,N/A,N/A,Netflix,7.7,"4,369",tt5849950
555,King Jack,"Adventure, Drama",English,2 wins & 2 nominations.,72,N/A,Well Go USA,7.0,"2,734",tt3863484
556,Bulletproof 2,"Action, Drama",English,N/A,N/A,N/A,N/A,3.5,230,tt9887580
557,Solo: A Star Wars Story,"Action, Adventure, Sci-Fi",English,Nominated for 1 Oscar. Another 4 wins & 22 nominations.,62,N/A,Walt Disney Pictures,6.9,"261,882",tt3778644
559,Alien Contact: Outer Space,Documentary,English,N/A,N/A,N/A,N/A,3.9,396,tt7130832
560,The Conjuring,"Horror, Mystery, Thriller","English, Latin",15 wins & 22 nominations.,68,"$137,387,272",Warner Bros. Pictures,7.5,"418,901",tt1457767
561,Tom Segura: Mostly Stories,"Documentary, Comedy",English,N/A,N/A,N/A,Netflix,7.5,"2,210",tt4970632
562,A Ghost Story,"Drama, Fantasy, Romance","English, Spanish",12 wins & 20 nominations.,84,"$1,594,798",Ideaman Studios,6.8,"52,940",tt6265828
563,Miss Sharon Jones!,"Documentary, Music",English,8 wins & 13 nominations.,77,"$120,770",Cabin Creek Films,7.2,532,tt4935480
564,Coin Heist,"Crime, Drama, Romance, Thriller",English,N/A,N/A,N/A,Adaptive Studios,4.8,"2,244",tt5740806
565,Lego Marvel Super Heroes: Maximum Overload,"Animation, Short, Action, Adventure, Comedy, Family, Fantasy, Sci-Fi",English,N/A,N/A,na,na,6.5,"1,021",tt3322904
566,Before I Wake,"Drama, Fantasy, Horror, Thriller",English,1 nomination.,68,N/A,Relativity Media,6.2,"36,125",tt3174376
569,Bill Burr: Walk Your Way Out,Comedy,English,N/A,N/A,N/A,Netflix,7.3,"5,289",tt6184894
571,Monster High: Freaky Fusion,Animation,English,2 nominations.,N/A,N/A,Universal Pictures,6.9,490,tt3824344
572,Jen Kirkman: Just Keep Livin?,Comedy,English,N/A,N/A,N/A,Netflix,6.7,"1,067",tt6386352
573,Ant-Man and the Wasp,"Action, Adventure, Comedy, Sci-Fi","English, Spanish",18 nominations.,70,N/A,Walt Disney Pictures,7.1,"281,724",tt5095030
574,A Futile and Stupid Gesture,"Biography, Comedy",English,2 nominations.,55,N/A,Netflix,6.8,"12,082",tt5566790
575,Hotel Transylvania 3: Summer Vacation,"Animation, Adventure, Comedy, Family, Fantasy, Horror","English, Spanish, German, Russian",2 wins & 8 nominations.,54,N/A,Columbia Pictures / Sony Pictures Animation,6.3,"50,220",tt5220122
576,The Good Catholic,"Comedy, Drama","English, Latin",4 wins & 5 nominations.,46,N/A,Pigasus Pictures,5.2,841,tt4721404
577,Cristela Alonzo: Lower Classy,Comedy,English,N/A,N/A,N/A,Netflix,6.1,631,tt6550456
578,Mitt,"Documentary, Biography, Family, News",English,N/A,64,N/A,Netflix,6.9,"2,314",tt1757800
579,My Entire High School Sinking Into the Sea,"Animation, Comedy, Drama",English,2 wins & 13 nominations.,72,"$65,250",GKIDS,6.0,855,tt5538568
580,Todd Glass: Act Happy,Comedy,English,N/A,N/A,N/A,Netflix,5.0,321,tt7752142
581,Where's the Money,Comedy,English,N/A,N/A,N/A,Rivers Edge Films,5.1,"1,588",tt5716848
582,Take the 10,Comedy,English,N/A,N/A,N/A,Netflix,4.7,"2,483",tt5792472
583,Mustang Island,Comedy,English,2 wins & 2 nominations.,N/A,N/A,Pepper Island Films,6.1,294,tt6589292
584,Harith Iskander: I Told You So,Comedy,English,N/A,N/A,N/A,Netflix,4.5,133,tt7902184
585,Step Sisters,Comedy,English,N/A,N/A,N/A,Netflix,5.4,"3,647",tt5267472
586,The Open House,"Horror, Thriller",English,N/A,N/A,N/A,Netflix,3.2,"28,042",tt7608028
587,Good Kids,"Comedy, Drama","English, French, Japanese",N/A,N/A,N/A,Depth of Field,6.1,"8,791",tt2170427
588,IO,"Adventure, Drama, Romance, Sci-Fi",English,1 nomination.,40,N/A,N/A,4.7,"28,120",tt3256226
589,Enlighten Us,Documentary,English,N/A,N/A,N/A,N/A,6.2,511,tt5241010
590,Neal Brennan: 3 Mics,Comedy,English,N/A,N/A,N/A,Netflix,7.9,"2,332",tt6438918
592,Deadcon,"Drama, Horror, Mystery, Thriller",English,N/A,N/A,N/A,N/A,2.8,625,tt7262990
593,Get Him to the Greek,"Comedy, Music",English,14 nominations.,65,"$60,923,325",Universal Pictures,6.4,"164,707",tt1226229
594,Jezebel,"Drama, Romance","English, French",Won 2 Oscars. Another 3 wins & 4 nominations.,N/A,N/A,MGM Home Entertainment,7.5,"11,220",tt0030287
595,Skyline,"Action, Sci-Fi, Thriller",English,1 nomination.,26,"$12,000,000",Rogue Pictures/Universal Studios,4.4,"85,067",tt1564585
596,Dallas Buyers Club,"Biography, Drama","English, Japanese",Won 3 Oscars. Another 82 wins & 82 nominations.,84,"$23,750,994",Focus Features,8.0,"418,462",tt0790636
597,Saving Zo,"Crime, Drama, Mystery",English,N/A,N/A,N/A,Blue Fox Entertainment,5.2,"1,090",tt7319822
598,The Brave,Drama,English,3 nominations.,N/A,N/A,N/A,6.3,"8,770",tt0118768
599,Deadly Switch,"Mystery, Thriller",English,N/A,N/A,N/A,N/A,4.5,699,tt8354582
600,Only Mine,"Drama, Thriller",English,N/A,N/A,N/A,N/A,4.6,901,tt9271164
601,Sebastian Maniscalco: Stay Hungry,Comedy,English,N/A,N/A,N/A,N/A,7.1,791,tt9482786
602,A Boy Called Po,"Drama, Fantasy",English,12 wins & 3 nominations.,47,N/A,N/A,6.9,727,tt1401621
603,Face 2 Face,Drama,English,N/A,N/A,N/A,Green Step Productions,6.9,"1,072",tt4835940
605,Max Rose,Drama,English,N/A,38,"$56,365",Paladin,6.3,433,tt1439558
606,Teenage Cocktail,"Drama, Thriller",English,1 win & 1 nomination.,N/A,N/A,N/A,5.8,"4,911",tt1774591
607,Leslie Jones: Time Machine,Comedy,N/A,N/A,N/A,N/A,N/A,5.1,467,tt10795784
608,The Master,Drama,"Filipino, English",Nominated for 3 Oscars. Another 76 wins & 182 nominations.,86,"$15,800,000",The Weinstein Company,7.2,"143,237",tt1560747
609,Camp X-Ray,"Drama, War",English,6 nominations.,54,"$9,837",IFC Films,6.9,"37,811",tt2994190
610,Little Sister,"Comedy, Drama",English,1 win.,74,N/A,Wraith Films,6.3,"3,350",tt5434870
611,The River Thief,"Action, Adventure, Crime",English,N/A,N/A,N/A,Gorilla Poet Productions,5.4,421,tt5664502
612,The Last Face,"Drama, Romance",English,1 nomination.,16,N/A,"Saban Films, Lionsgate",4.8,"4,186",tt3286560
613,13 Sins,"Horror, Thriller",English,3 nominations.,44,N/A,Radius-TWC,6.3,"31,105",tt2059171
614,The Fighter,"Biography, Drama, Sport",English,Won 2 Oscars. Another 72 wins & 123 nominations.,79,"$93,571,803",Paramount Pictures,7.8,"326,889",tt0964517
615,Clinical,"Horror, Thriller",English,N/A,N/A,N/A,Campfire Films,5.1,"5,883",tt5577742
616,Betty White: First Lady of Television,Documentary,English,N/A,N/A,N/A,N/A,7.8,282,tt8780234
617,He's Out There,"Horror, Thriller",English,N/A,N/A,N/A,Octane Entertainment,5.2,"5,907",tt4052050
618,The Polka King,"Biography, Comedy, Drama",English,1 win.,65,N/A,Netflix,5.9,"8,071",tt5539052
619,Tom Segura: Disgraceful,"Documentary, Comedy",English,N/A,N/A,N/A,Netflix,7.6,"2,374",tt7379330
620,The Last Laugh,Drama,N/A,N/A,N/A,N/A,U. F. A.,8.1,"11,657",tt0015064
621,Dayveon,Drama,English,3 wins & 8 nominations.,69,"$2,200",FilmRise,6.3,384,tt6266218
622,Set Up,"Short, Crime",English,N/A,N/A,N/A,N/A,5.3,75,tt2290641
623,Sniper: Special Ops,"Action, Drama, War",English,N/A,N/A,N/A,"Hybrid, LLC",3.2,"2,342",tt5344794
624,Jim Gaffigan: Cinco,Comedy,English,N/A,N/A,N/A,Netflix,7.0,"1,835",tt6090102
625,Bad Grandpa .5,Comedy,English,N/A,N/A,N/A,N/A,6.3,"4,038",tt3766424
626,Dinner for Schmucks,Comedy,English,1 nomination.,56,"$72,980,108",Paramount Studios,5.9,"95,570",tt0427152
628,Fall Girls,Comedy,English,N/A,N/A,N/A,N/A,4.1,29,tt9033386
629,Jeff Dunham: Unhinged in Hollywood,Comedy,English,N/A,N/A,N/A,Universal Pictures,6.6,527,tt5038776
630,Riot,Action,English,N/A,N/A,N/A,N/A,5.1,"2,448",tt4642044
631,Seal Team Six: The Raid on Osama Bin Laden,"Action, Crime, Drama, Thriller","English, Arabic, Pushto",Nominated for 2 Primetime Emmys. Another 2 wins & 1 nomination.,N/A,N/A,Anchor Bay Entertainment,5.7,"9,599",tt2095605
632,Siren,"Drama, Fantasy",English,1 win & 4 nominations.,N/A,na,na,7.0,"9,845",tt5615700
633,A Perfect Ending,"Drama, Romance",English,1 win.,N/A,N/A,Wolfe Video,5.7,"3,644",tt1823059
634,Gone Are The Days,"Drama, Western",English,N/A,N/A,N/A,N/A,5.1,796,tt5503472
635,Hell or High Water,"Action, Crime, Drama, Thriller, Western",English,Nominated for 4 Oscars. Another 48 wins & 165 nominations.,88,"$26,973,524",Film 44,7.6,"190,285",tt2582782
636,Jersey Boys,"Biography, Drama, Music, Musical","English, Italian, French",4 wins & 2 nominations.,54,N/A,Warner Bros. Pictures,6.8,"31,499",tt1742044
637,Kevyn Aucoin: Beauty & the Beast in Me,"Documentary, Biography",English,1 win.,N/A,N/A,Netflix,7.3,145,tt6972670
638,Krystal,"Comedy, Drama",English,N/A,39,N/A,N/A,5.4,"1,096",tt0835802
639,Moshe Kasher: Live in Oakland,Comedy,N/A,N/A,N/A,N/A,N/A,6.8,284,tt2229301
640,Whitney Cummings: Money Shot,"Documentary, Comedy",English,N/A,N/A,N/A,Comedy Central,6.3,736,tt1659261
641,Camp Cool Kids,Family,English,N/A,N/A,N/A,N/A,4.7,295,tt4703182
642,Happy Hunting,"Horror, Western",English,16 wins & 3 nominations.,N/A,N/A,Selective Collective,5.1,"2,207",tt5189770
643,Heartthrob,"Drama, Romance, Thriller",English,1 win.,N/A,N/A,N/A,5.5,"2,064",tt5701718
644,Justin Bieber: Never Say Never,"Documentary, Music",English,2 wins & 7 nominations.,52,"$73,000,942",Paramount Pictures,1.6,"75,014",tt1702443
645,Maddman: The Steve Madden Story,Documentary,English,N/A,N/A,N/A,N/A,6.6,165,tt2987718
647,Monster High: Escape from Skull Shores,Animation,English,N/A,N/A,N/A,N/A,6.9,403,tt2395337
648,Monster High: Friday Night Frights,Animation,English,1 nomination.,N/A,N/A,N/A,6.9,453,tt2650548
649,Monster High: Fright On,Animation,English,N/A,N/A,N/A,Universal Pictures,7.0,314,tt2615666
650,"Monster High: Frights, Camera, Action!",Animation,English,N/A,N/A,N/A,CJ Entertainment America,6.5,494,tt3565904
651,Monster High: Why Do Ghouls Fall in Love?,"Animation, Romance",English,N/A,N/A,N/A,N/A,6.8,512,tt2168938
652,Now More Than Ever: The History of Chicago,"Documentary, Biography, History, Music",English,4 wins.,N/A,N/A,N/A,7.0,510,tt3807496
653,Residente,"Documentary, Music",English,N/A,N/A,N/A,N/A,8.0,340,tt6414866
654,Super Dark Times,"Crime, Drama, Horror, Thriller",English,4 wins & 4 nominations.,75,"$29,759",The Orchard,6.6,"16,046",tt5112578
655,The Vault,"Crime, Horror, Mystery, Thriller",English,N/A,50,"$4,308",FilmRise,4.8,"11,294",tt1785635
656,Hurricane Bianca,"Comedy, Drama","English, Spanish",N/A,N/A,N/A,Cranium Entertainment,5.9,"5,758",tt4007248
659,God Bless the Broken Road,"Drama, Family, Romance",English,N/A,31,N/A,Freestyle Releasing.,5.4,754,tt5702446
660,Seeing Allred,Documentary,English,2 nominations.,68,N/A,Netflix,6.7,886,tt7689924
661,When We First Met,"Comedy, Fantasy, Romance",English,N/A,36,N/A,Netflix,6.4,"38,231",tt5783956
662,High Flying Bird,"Drama, Sport",English,4 nominations.,78,N/A,Netflix,6.2,"6,566",tt8128188
664,Kevin Hart's Guide to Black History,Comedy,English,N/A,N/A,N/A,Netflix,5.4,"1,056",tt6373518
665,ReMastered: The Two Killings of Sam Cooke,"Documentary, Music",English,1 nomination.,N/A,N/A,N/A,7.2,"1,339",tt9046564
666,Lez Bomb,"Comedy, Drama",English,3 wins & 1 nomination.,N/A,N/A,Gravitas Ventures,5.0,834,tt3496790
667,"Michael Bolton's Big, Sexy Valentine's Day Special","Comedy, Music, Musical, Romance",English,1 nomination.,N/A,N/A,Netflix,6.7,"1,712",tt6343706
668,Welcome to Willits,"Horror, Sci-Fi",English,3 wins & 2 nominations.,N/A,N/A,IFC Films,4.1,"1,161",tt3074952
669,Woody Woodpecker,"Animation, Comedy, Family",English,N/A,N/A,N/A,Universal Pictures Home Entertainment,4.1,"3,087",tt2114504
670,Lila,"Animation, Short, Adventure, Fantasy",N/A,1 nomination.,N/A,N/A,N/A,7.6,297,tt3443482
671,"Ray Romano: Right Here, Around the Corner","Documentary, Comedy",English,N/A,N/A,N/A,Netflix,7.2,"1,268",tt8101766
672,Princess Cyd,"Drama, Romance",English,3 wins & 2 nominations.,72,N/A,Wolfe Releasing,6.7,"2,512",tt6053440
673,The Cloverfield Paradox,"Drama, Horror, Mystery, Sci-Fi, Thriller","English, Mandarin, German",1 nomination.,37,N/A,Netflix,5.5,"89,021",tt2548396
674,Thumper,"Crime, Drama, Thriller",English,N/A,N/A,N/A,The Orchard,5.8,"2,546",tt5716380
675,Hannibal Buress: Comedy Camisado,Comedy,English,N/A,N/A,N/A,Netflix,6.6,"1,160",tt5352432
676,The Charnel House,"Horror, Thriller",English,N/A,N/A,"$6,332",Siegal Entertainment,4.4,"1,039",tt4633662
677,French Dirty,"Comedy, Drama",English,4 wins & 1 nomination.,N/A,N/A,Homegrown Pictures,5.2,162,tt3675504
678,Imperial Dreams,Drama,English,10 wins & 6 nominations.,67,N/A,Netflix,6.8,"3,517",tt3331028
679,Billy Graham: An Extraordinary Journey,"Documentary, Biography, History",English,N/A,N/A,N/A,N/A,9.4,14,tt8106744
680,The Rebound,"Comedy, Romance",English,N/A,N/A,"$538,987",Momentum Picutres,6.3,"45,127",tt1205535
681,Big Bear,Comedy,English,1 win & 3 nominations.,N/A,N/A,Blue Fox Entertainment,5.0,"1,156",tt4986754
682,Mike Birbiglia: Thank God for Jokes,Comedy,English,N/A,N/A,N/A,Netflix,7.4,"1,941",tt6608034
683,Marlon Wayans: Woke-ish,"Documentary, Comedy",English,N/A,N/A,N/A,Netflix,6.5,"1,094",tt7655590
684,Ralphie May: Unruly,Comedy,English,N/A,N/A,N/A,Netflix,4.7,334,tt4454406
685,Our Idiot Brother,"Comedy, Drama",English,N/A,60,"$24,600,000",The Weinstein Company,6.4,"82,134",tt1637706
686,People You May Know,"Comedy, Drama, Romance",English,N/A,N/A,N/A,The Orchard,5.6,"1,278",tt5318534
687,The Heyday of the Insensitive Bastards,"Comedy, Drama",English,N/A,N/A,N/A,Elysium Bandini Studios,4.4,"1,556",tt4076926
688,Dolphin Tale 2,"Drama, Family",English,3 nominations.,58,N/A,Warner Bros. Pictures,6.4,"7,916",tt2978462
689,I Don't Feel at Home in This World Anymore.,"Comedy, Crime, Drama, Thriller",English,3 wins & 3 nominations.,75,N/A,Film Science,6.9,"42,435",tt5710514
690,Marvel Super Hero Adventures: Frost Fight!,"Animation, Action, Adventure, Family, Fantasy, Sci-Fi",English,1 nomination.,N/A,N/A,N/A,5.1,567,tt5272052
691,Bert Kreischer: The Machine,Comedy,English,N/A,N/A,N/A,N/A,7.7,788,tt6545220
692,Paddleton,"Comedy, Drama",English,1 nomination.,70,N/A,Netflix,7.2,"8,553",tt8041276
693,The Unknown Known,"Documentary, Biography, History, War",English,2 wins & 9 nominations.,69,N/A,Radius-TWC,7.1,"3,694",tt2390962
694,Secrets of Chatsworth,Documentary,English,N/A,N/A,N/A,PBS Home Video,7.4,113,tt6959562
695,Secrets of Henry VIII's Palace: Hampton Court,Documentary,English,N/A,N/A,N/A,N/A,7.4,198,tt6959560
696,Secrets of Highclere Castle,Documentary,English,N/A,N/A,N/A,N/A,8.4,16,tt6959652
697,The Bachelors,"Comedy, Drama",English,3 wins & 1 nomination.,54,N/A,Freestyle Digital Media,6.8,"3,258",tt5253282
698,Trevor Noah: Afraid of the Dark,Comedy,English,N/A,N/A,N/A,Netflix,7.2,"3,945",tt6562866
699,Being Elmo: A Puppeteer's Journey,Documentary,English,8 wins & 8 nominations.,71,"$302,652",Submarine Deluxe,7.6,"6,583",tt1787660
700,All Light Will End,"Horror, Thriller",English,2 wins & 2 nominations.,N/A,N/A,Red Vessel Entertainment,4.0,972,tt6023386
701,Trash Fire,"Comedy, Drama, Horror, Thriller",English,2 wins & 3 nominations.,42,N/A,Circle of Confusion,5.8,"2,739",tt5076792
703,Dismissed,"Drama, Horror, Thriller",English,1 win.,N/A,N/A,BoulderLight Pictures,5.7,"6,039",tt5039994
704,Growing Up Wild,Documentary,English,N/A,N/A,N/A,N/A,7.3,223,tt6332994
705,Abominable Christmas,"Animation, Short, Comedy, Family",English,N/A,N/A,N/A,N/A,5.4,240,tt2445310
706,Dear Dracula,"Animation, Short, Adventure, Family",English,N/A,N/A,N/A,Kickstart Productions,5.2,274,tt2428378
707,Blood Money,"Crime, Drama, Thriller",English,N/A,42,N/A,"Saban Films, Lionsgate",4.4,"1,773",tt3758852
708,Kill Ratio,Action,English,N/A,N/A,N/A,Xlrator Media,4.1,864,tt5020372
709,The Super,"Horror, Mystery, Thriller",English,1 win.,47,N/A,N/A,5.8,"11,732",tt5884784
710,Irreplaceable You,"Comedy, Drama, Romance",English,N/A,34,N/A,Netflix,6.4,"6,971",tt6119856
711,Operator,"Action, Drama, Thriller",English,N/A,N/A,N/A,N/A,4.3,"1,832",tt3849692
714,Never Heard,"Drama, Family",English,2 wins.,N/A,N/A,Webber Films &amp; Riveting Entertainment,5.2,336,tt6529772
716,Aram + Aram = Kinnaram,Comedy,Malayalam,N/A,N/A,N/A,N/A,7.2,255,tt0254968
717,Grass,"Documentary, History",English,1 win.,64,N/A,Unapix,7.2,"3,425",tt0214730
718,"Ken Jeong: You Complete Me, Ho",Comedy,English,N/A,N/A,N/A,Netflix,5.7,"1,752",tt8466562
719,Chris Rock: Tamborine,"Documentary, Comedy",English,N/A,N/A,N/A,Netflix,6.5,"5,231",tt8005338
720,Girlfriend's Day,"Comedy, Drama",English,N/A,N/A,N/A,Netflix,5.2,"3,121",tt2962984
721,Sister Code,"Comedy, Drama, Romance",English,N/A,N/A,N/A,GVN Releasing LLC.,4.5,318,tt3912040
722,We the Animals,Drama,English,9 wins & 22 nominations.,83,N/A,The Orchard,6.9,"3,189",tt7681824
723,Heal,Documentary,English,1 win.,N/A,N/A,Paladin Films,6.9,"1,532",tt5239942
724,Lego DC Comics: Batman Be-Leaguered,"Animation, Short, Action, Adventure, Comedy, Family, Sci-Fi",English,N/A,N/A,N/A,Warner Bros. Animation,6.6,943,tt4189294
725,LEGO Marvel Super Heroes: Black Panther - Trouble in Wakanda,"Animation, Short, Action, Adventure, Comedy, Fantasy, Sci-Fi",English,N/A,N/A,N/A,N/A,5.8,312,tt8205250
726,Malicious,"Horror, Thriller",English,N/A,N/A,N/A,Impossible Dream Entertainment,5.0,"2,855",tt6197494
727,The Witch Files,"Horror, Thriller",English,N/A,N/A,N/A,Cocksure Entertainment,4.4,715,tt4580550
728,Velvet Buzzsaw,"Horror, Mystery, Thriller",English,2 nominations.,61,N/A,N/A,5.7,"48,251",tt7043012
729,42 Grams,"Documentary, Biography, Drama",English,N/A,N/A,N/A,N/A,7.1,283,tt4760186
730,Before the Flood,Documentary,English,2 wins & 7 nominations.,63,N/A,Appian Way Productions,8.3,"24,993",tt5929776
731,National Parks Adventure,"Documentary, Short",English,5 wins & 2 nominations.,N/A,N/A,AIW Enterprises,7.0,699,tt5568164
732,Newness,"Drama, Romance","English, Catalan",N/A,50,N/A,N/A,6.4,"11,334",tt6408226
733,Paint It Black,Drama,English,1 win & 1 nomination.,71,N/A,Tangerine Entertainment,5.6,608,tt1472460
734,Indiscretion,"Crime, Drama, Romance, Thriller",English,N/A,N/A,N/A,N/A,4.9,856,tt3147336
735,The Hurt Business,"Documentary, Sport",English,N/A,N/A,N/A,N/A,6.4,849,tt3993350
736,A Family Reunion Christmas,"Short, Comedy, Family",English,N/A,N/A,N/A,N/A,5.4,100,tt11193888
737,It Comes At Night,"Horror, Mystery",English,1 win & 10 nominations.,78,"$13,985,117",A24,6.2,"76,155",tt4695012
738,Mariah Carey's Merriest Christmas,Music,English,N/A,N/A,N/A,N/A,4.9,162,tt5579910
739,El Camino Christmas,"Comedy, Crime, Western",English,N/A,N/A,N/A,Netflix,5.6,"6,641",tt3255590
740,Kickboxer: Vengeance,"Action, Crime, Drama, Sport",English,N/A,37,N/A,Headmon Entertainment &amp; Productions,4.9,"9,888",tt3082898
741,Other People,"Comedy, Drama",English,3 wins & 11 nominations.,67,"$62,630",Gettin&#39; Rad Productions,6.8,"8,347",tt4158876
742,Dumplin',"Comedy, Drama",English,Nominated for 1 Golden Globe. Another 8 nominations.,53,N/A,N/A,6.6,"24,854",tt4878482
743,The American Meme,Documentary,English,N/A,60,N/A,Netflix,7.5,"12,157",tt8106160
745,Blue Jay,"Drama, Romance",English,1 nomination.,69,"$5,159",Duplass Brothers,7.3,"11,628",tt5912454
746,One in a Billion,Documentary,"English, Punjabi",N/A,N/A,N/A,N/A,6.7,395,tt6045798
747,Reggie Watts: Spatial,"Comedy, Music",English,N/A,N/A,N/A,Netflix,6.1,419,tt5861260
748,Craig Ferguson: Tickle Fight,Comedy,English,N/A,N/A,N/A,Netflix,6.6,824,tt7193448
749,The Good Neighbor,"Crime, Drama, Horror, Thriller",English,N/A,32,N/A,Ball &amp; Chain Productions,6.3,"14,915",tt2262315
750,Bill Burr: I'm Sorry You Feel That Way,Comedy,English,N/A,N/A,N/A,Netflix,8.4,"6,094",tt3823690
751,God's Not Dead: A Light in Darkness,Drama,English,3 nominations.,33,N/A,Pure Flix Entertainment,4.5,"3,020",tt6652708
752,A Very Murray Christmas,"Comedy, Music, Musical",English,Nominated for 2 Primetime Emmys. Another 6 nominations.,N/A,N/A,N/A,5.5,"13,402",tt4537842
753,How High 2,Comedy,English,N/A,N/A,N/A,Quality Control,2.8,617,tt8861802
754,The Bill Murray Stories: Life Lessons Learned from a Mythical Man,Documentary,English,2 nominations.,N/A,N/A,Gravitas Ventures,7.1,"1,717",tt7329810
756,Tom Papa: Live in New York City,Comedy,English,N/A,N/A,N/A,N/A,7.2,230,tt1910649
757,Born Strong,"Documentary, Drama, Sport",English,N/A,N/A,N/A,Triple Threat Television,7.2,"1,325",tt7582508
758,Fun Mom Dinner,Comedy,English,1 win & 1 nomination.,46,N/A,Voltage Pictures,5.2,"4,336",tt5829040
759,Dog Eat Dog,"Action, Thriller",English,1 nomination.,53,N/A,Ingenious Media,4.7,"7,160",tt4054654
760,Anesthesia,"Crime, Drama",English,N/A,55,"$22,386",IFC Films,6.1,"3,992",tt3317208
761,Tiffany Haddish: Black Mitzvah,Comedy,English,N/A,N/A,N/A,N/A,6.2,503,tt8882390
762,Wish Man,Biography,English,1 win.,N/A,N/A,myCinema,7.2,"1,478",tt3246874
763,Silencer,"Action, Drama, Thriller",English,1 win.,N/A,N/A,Status Media &amp; Entertainment,3.8,869,tt5867226
764,Lawless,"Crime, Drama",English,1 win & 8 nominations.,58,"$36,300,000",The Weinstein Company,7.3,"220,087",tt1212450
765,Shelter,"Drama, Romance, Sport",English,11 wins.,66,N/A,Regent Releasing,7.7,"20,243",tt0942384
766,Shrek the Musical,"Comedy, Family, Fantasy, Musical",English,N/A,N/A,N/A,Twentieth Century Fox Home Entertainment,7.1,"2,447",tt3070936
767,Mr. Roosevelt,Comedy,English,5 wins & 4 nominations.,73,N/A,Paladin Films,6.2,"2,278",tt6212496
768,Todd Barry: Spicy Honey,Comedy,English,N/A,N/A,N/A,Netflix,6.8,657,tt6856186
769,Marco Polo: One Hundred Eyes,"Short, Action, Drama, History",English,2 nominations.,N/A,N/A,N/A,7.8,"8,213",tt5235348
770,Doom: Annihilation,"Action, Adventure, Horror, Sci-Fi, Thriller","English, French",N/A,N/A,N/A,N/A,3.6,"5,939",tt8328716
771,Grand-Daddy Day Care,"Comedy, Family",English,N/A,N/A,N/A,Universal 1440 Entertainment,4.8,508,tt8749922
772,Sweetheart,"Horror, Sci-Fi, Thriller",English,1 win & 2 nominations.,N/A,N/A,Blumhouse,5.7,"3,851",tt6560164
773,Avengers: Infinity War,"Action, Adventure, Sci-Fi",English,Nominated for 1 Oscar. Another 44 wins & 71 nominations.,68,"$664,987,816",Walt Disney Pictures,8.5,"754,875",tt4154756
774,John Mulaney: The Comeback Kid,Comedy,English,N/A,N/A,N/A,Netflix,7.9,"5,625",tt5069564
775,Creep 2,"Horror, Thriller",English,2 wins & 1 nomination.,75,N/A,The Orchard,6.4,"15,832",tt3654796
776,Garfunkel and Oates: Trying to Be Special,Comedy,English,N/A,N/A,N/A,N/A,7.4,635,tt5602318
777,Lo and Behold: Reveries of the Connected World,Documentary,English,2 wins & 1 nomination.,76,"$594,452",Saville Productions,7.0,"11,387",tt5275828
778,Jacob's Ladder,"Drama, Horror, Mystery",English,3 wins.,62,N/A,Tri Star,7.5,"94,361",tt0099871
779,Mr. Church,"Comedy, Drama",English,3 nominations.,37,"$685,143",Envision Media Arts,7.6,"24,223",tt4196848
780,Bright,"Action, Crime, Fantasy, Sci-Fi, Thriller","English, Spanish",1 win & 7 nominations.,29,N/A,Netflix,6.3,"158,434",tt5519340
781,Bird Box,"Drama, Horror, Sci-Fi",English,5 wins & 7 nominations.,51,N/A,Netflix,6.6,"248,997",tt2737304
782,What Still Remains,"Drama, Thriller",English,N/A,N/A,N/A,Gravitas Ventures,4.6,"1,616",tt6013156
783,Figures of Speech,"Animation, Documentary, Short",English,N/A,N/A,N/A,N/A,6.8,12,tt0332051
785,White Girl,"Crime, Drama",English,1 win & 3 nominations.,65,"$198,493",Killer Films,5.7,"8,511",tt4129870
786,Yoga Hosers,"Action, Comedy, Fantasy, Horror, Thriller","English, French, German",1 nomination.,23,N/A,Invincible Pictures,4.3,"11,313",tt3838992
787,Miss Me This Christmas,"Comedy, Romance",English,N/A,N/A,N/A,Pokeprod,4.2,413,tt7281126
789,Miss Stevens,"Comedy, Drama",English,1 win & 2 nominations.,65,"$3,858",Beachside Films,6.6,"4,392",tt2693580
790,Total Frat Movie,Comedy,English,N/A,N/A,N/A,Emerge Entertainment,4.3,693,tt3879074
791,Some Freaks,"Comedy, Drama, Romance",English,9 wins & 5 nominations.,67,N/A,N/A,6.2,"1,638",tt3283864
792,Mike Epps: Don't Take It Personal,Comedy,English,N/A,N/A,N/A,Netflix,4.3,210,tt5339586
793,Ronny Chieng: Asian Comedian Destroys America,Comedy,English,N/A,N/A,N/A,N/A,7.4,"1,571",tt11248800
795,Burlesque,"Drama, Music, Musical, Romance",English,Won 1 Golden Globe. Another 5 wins & 19 nominations.,47,"$39,440,655",Sony Pictures/Screen Gems,6.4,"73,911",tt1126591
796,Dragons: Dawn of the Dragon Racers,"Animation, Short, Adventure, Comedy, Family, Fantasy",English,2 nominations.,N/A,N/A,DreamWorks Animation,7.0,"1,837",tt4191768
797,Kill the Messenger,"Biography, Crime, Drama, Mystery, Thriller",English,3 wins & 6 nominations.,60,"$2,445,646",Focus Features,6.9,"42,739",tt1216491
798,Springsteen on Broadway,"Documentary, Music",English,Won 1 Primetime Emmy. Another 1 nomination.,N/A,N/A,Netflix,8.5,"1,608",tt8716334
799,Barry,"Action, Comedy, Crime, Drama",English,Nominated for 6 Golden Globes. Another 21 wins & 79 nominations.,N/A,na,na,8.3,"35,459",tt5348176
800,Sister Cities,Drama,English,N/A,N/A,N/A,Lifetime,6.9,"1,171",tt4795692
801,F.R.E.D.I.,"Adventure, Family, Sci-Fi",N/A,7 wins & 11 nominations.,N/A,N/A,Collusion Films,5.1,714,tt6146590
802,Blackway,Thriller,English,N/A,N/A,N/A,N/A,5.3,"8,427",tt4061010
803,Brave New Jersey,Comedy,English,4 wins.,45,"$14,105",Gravitas Ventures,5.3,417,tt4660172
804,Christmas Inheritance,"Comedy, Drama",English,N/A,N/A,N/A,Netflix,5.7,"8,243",tt7608534
805,Discovering Bigfoot,Documentary,English,N/A,N/A,N/A,Reality Entertainment,3.9,552,tt7058016
806,Pottersville,Comedy,English,N/A,N/A,N/A,Wing and a Prayer Pictures,5.3,"3,325",tt3672120
807,Under an Arctic Sky,"Documentary, Short, Adventure, Sport","Icelandic, English",1 win.,N/A,N/A,Burkard Studio,7.0,"1,290",tt6680858
808,At All Costs,"Documentary, Sport",English,N/A,N/A,N/A,New Man Media,6.5,346,tt3800222
809,6 Underground,"Action, Comedy, Thriller","English, Turkmen, Cantonese, Italian, Spanish, Ukrainian, French",2 nominations.,41,N/A,Netflix,6.1,"107,281",tt8106534
810,Judd Apatow: The Return,Comedy,English,N/A,N/A,N/A,Netflix,6.2,"1,131",tt7738550
811,The Short Game,"Documentary, Sport","English, French",4 wins & 3 nominations.,51,"$38,856",IDP/Samuel goldwyn Films,7.4,"1,231",tt2466830
812,The Hatred,"Drama, Horror, Mystery, Thriller",English,1 nomination.,N/A,N/A,N/A,3.6,"1,958",tt6089700
813,Asperger's Are Us,"Documentary, Comedy, Drama",English,1 nomination.,N/A,N/A,Duplass Brothers,6.7,541,tt4109268
814,The Ridiculous 6,"Comedy, Western",English,N/A,18,N/A,Netflix,4.8,"41,246",tt2479478
815,Michelle Wolf: Joke Show,Comedy,English,N/A,N/A,N/A,N/A,7.1,574,tt11269704
816,Susanne Bartsch: On Top,"Documentary, Biography",English,1 win.,71,N/A,The Orchard,6.9,121,tt5537600
817,A Cinderella Story: Christmas Wish,"Comedy, Family, Fantasy, Music, Romance",English,N/A,N/A,N/A,N/A,5.2,"3,187",tt10326928
818,Cut Bank,"Crime, Drama, Thriller",English,2 wins & 3 nominations.,44,N/A,A24 and DIRECTV,6.0,"10,310",tt1661820
819,The Tribes of Palos Verdes,Drama,English,1 win.,49,N/A,IFC Films,5.8,"1,991",tt1507571
820,The Little Mermaid,"Animation, Family, Fantasy, Musical, Romance","English, French",Won 2 Oscars. Another 10 wins & 8 nominations.,88,N/A,Walt Disney Pictures,7.6,"225,777",tt0097757
821,A StoryBots Christmas,"Short, Family, Fantasy, Musical",English,2 wins & 4 nominations.,N/A,N/A,JibJab Media,5.6,105,tt7018722
822,Voyeur,Documentary,English,N/A,59,N/A,Netflix,6.2,"4,009",tt7588790
823,Across Grace Alley,"Short, Drama, Music",English,1 win & 1 nomination.,N/A,N/A,N/A,7.1,89,tt2813432
824,Natural Selection,"Drama, Thriller",English,1 win.,N/A,N/A,ITN Distribution,5.1,"1,751",tt3667792
825,Rainbow Time,"Comedy, Drama",English,N/A,55,N/A,Duplass Brothers,5.9,511,tt5167174
826,My Little Pony: Equestria Girls - Friendship Games,"Animation, Family, Fantasy, Musical",English,1 win & 3 nominations.,N/A,N/A,DHX Media,6.5,"1,437",tt4450396
827,Kung Fu Panda Holiday,"Animation, Short, Comedy, Family",English,6 wins & 3 nominations.,N/A,N/A,N/A,6.8,"5,028",tt1702433
828,Rocko's Modern Life: Static Cling,"Animation, Action, Adventure, Comedy, Family",English,N/A,N/A,N/A,N/A,7.0,"2,936",tt6172460
829,Black Site Delta,Action,English,N/A,N/A,N/A,Xlrator Media,3.8,845,tt5667516
830,Judy Moody and the Not Bummer Summer,"Comedy, Family",English,1 win & 4 nominations.,37,"$15,000,994",Relativity Media,4.2,"2,783",tt1547230
831,St. Agatha,"Horror, Thriller",English,1 win.,63,N/A,Uncork&#39;d Entertainment,5.1,"4,581",tt6182078
832,The Pursuit,Documentary,English,N/A,N/A,N/A,N/A,5.7,115,tt9153882
833,Theo Von: No Offense,"Documentary, Comedy",English,N/A,N/A,N/A,Netflix,5.6,608,tt5066564
834,The Black Room,"Comedy, Horror",English,N/A,N/A,N/A,Cleopatra Entertainment,3.3,"2,319",tt5431600
835,Brent Morin: I'm Brent Morin,Comedy,English,N/A,N/A,N/A,N/A,6.6,485,tt5280664
836,Jim Jefferies: BARE,Comedy,English,N/A,N/A,N/A,Netflix,8.1,"4,469",tt3958494
837,Professor Mack,Romance,English,N/A,N/A,N/A,N/A,N/A,N/A,tt6052206
838,Sebastian Maniscalco: Why Would You Do That?,Comedy,English,N/A,N/A,N/A,N/A,7.3,708,tt6295304
839,Lego Marvel Super Heroes: Avengers Reassembled,"Animation, Short, Action, Adventure, Comedy, Sci-Fi",English,N/A,N/A,N/A,N/A,6.2,565,tt5371572
840,David Cross: Making America Great Again,Comedy,English,N/A,N/A,N/A,N/A,6.5,"1,449",tt5943936
841,Icarus,"Documentary, Sport, Thriller","English, Russian",Won 1 Oscar. Another 7 wins & 13 nominations.,68,N/A,Netflix,7.9,"33,314",tt6333060
842,Like Father,"Comedy, Drama",English,N/A,52,N/A,Netflix,6.1,"16,888",tt7170950
843,Expo,"Action, Crime, Drama",English,N/A,N/A,N/A,N/A,2.4,258,tt6830716
844,Falling Inn Love,"Comedy, Romance",English,N/A,N/A,N/A,N/A,5.6,"12,073",tt9860728
845,Inequality for All,Documentary,English,2 wins & 5 nominations.,68,"$1,205,079",Radius-TWC,8.0,"6,419",tt2215151
847,Ryan Hamilton: Happy Face,"Documentary, Comedy",English,N/A,N/A,N/A,Netflix,7.3,694,tt6892378
848,Travis Scott: Look Mom I Can Fly,"Documentary, Music",English,N/A,N/A,N/A,N/A,6.3,"2,688",tt10856726
849,3 Generations,Drama,"English, Spanish",1 nomination.,47,"$66,371",The Weinstein Company,5.9,"5,441",tt4158624
850,Dave Chappelle: Sticks & Stones,Comedy,English,2 nominations.,N/A,N/A,Netflix,8.5,"18,977",tt10810424
851,Buster's Mal Heart,"Drama, Mystery, Thriller","English, Spanish",3 nominations.,63,"$72,622",Well Go USA Entertainment,6.1,"6,878",tt5173032
853,XOXO,"Drama, Music",English,N/A,N/A,N/A,Netflix,5.3,"6,255",tt4855748
854,One Last Thing,Drama,English,N/A,N/A,N/A,Fathom Events,6.2,333,tt5327410
856,Maria Bamford: The Special Special Special!,Comedy,English,N/A,N/A,N/A,N/A,7.1,431,tt2546038
857,Death Note,"Animation, Crime, Drama, Fantasy, Mystery, Thriller",Japanese,2 wins.,N/A,na,na,9.0,"203,634",tt0877057
858,FANatic,Thriller,English,1 win & 2 nominations.,N/A,N/A,Incendo Productions,4.3,320,tt5858580
859,The After Party,"Comedy, Music",N/A,N/A,N/A,N/A,Netflix,5.8,"3,337",tt3960240
860,Feel Rich: Health Is the New Wealth,Documentary,English,N/A,N/A,N/A,Xlrator Media,6.4,173,tt6285404
861,Lynne Koplitz: Hormonal Beast,Comedy,English,N/A,N/A,N/A,Netflix,6.1,320,tt6892388
862,Camera Store,Drama,English,N/A,N/A,N/A,Provocator,5.6,"1,467",tt4651666
863,Concussion,"Biography, Drama, Sport",English,Nominated for 1 Golden Globe. Another 4 wins & 15 nominations.,55,"$23,268,108",Sony Pictures,7.1,"82,004",tt3322364
864,Emelie,"Horror, Thriller",English,3 nominations.,62,N/A,Uncorked Productions,5.4,"12,637",tt4503598
865,Lavell Crawford: Can a Brother Get Some Love,"Documentary, Comedy",English,N/A,N/A,N/A,eOne Entertainment Distribution,7.1,179,tt2084872
866,I'll Sleep When I'm Dead,"Crime, Drama, Mystery, Thriller",English,1 nomination.,56,"$212,359",Paramount Classics,5.8,"8,142",tt0319531
867,Undefeated,"Documentary, Sport",English,Won 1 Oscar. Another 3 wins & 8 nominations.,71,"$561,054",The Weinstein Company,7.7,"6,558",tt1860355
868,Same Kind of Different as Me,"Biography, Drama",English,1 win & 1 nomination.,47,"$6,410,279",Paramount Pictures / Pure Flix,6.6,"5,315",tt1230168
870,Selfless,Thriller,English,4 wins.,N/A,N/A,N/A,4.4,54,tt1001549
871,Sextuplets,Comedy,English,N/A,21,N/A,Netflix,4.4,"6,064",tt8976710
872,Wish I Was Here,"Comedy, Drama",English,6 nominations.,43,N/A,Focus Features,6.7,"35,603",tt2870708
873,Hostiles,"Drama, Western","English, Cheyenne, French",4 wins & 7 nominations.,65,"$29,472,340",Entertainment Studios Motion Pictures,7.2,"62,522",tt5478478
874,Hurricane Bianca: From Russia with Hate,Comedy,English,N/A,N/A,N/A,N/A,4.7,"1,924",tt6113122
875,Brad Paisley's Comedy Rodeo,Comedy,English,N/A,N/A,N/A,N/A,5.6,115,tt6794448
876,Colin Quinn: Unconstitutional,Comedy,English,N/A,N/A,N/A,N/A,7.1,307,tt4392266
877,The Outcasts,Comedy,English,N/A,47,N/A,BCDF Pictures,5.5,"3,324",tt2597760
878,Demetri Martin: Live (At the Time),"Documentary, Comedy",English,N/A,N/A,N/A,Netflix,7.3,"1,746",tt4512714
879,Calum Von Moger: Unbroken,Documentary,English,N/A,N/A,N/A,N/A,6.3,412,tt10308686
880,13 Cameras,"Crime, Drama, Horror, Thriller",English,1 win.,41,N/A,N/A,5.1,"4,304",tt4392454
882,Naked,"Comedy, Drama",English,8 wins & 7 nominations.,84,N/A,New Line Cinema,7.8,"32,013",tt0107653
883,Jim Gaffigan: Mr. Universe,"Documentary, Comedy",English,N/A,N/A,N/A,N/A,7.8,"3,021",tt2273321
884,Jim Gaffigan: Obsessed,"Documentary, Comedy",English,1 win.,N/A,N/A,N/A,7.6,"1,772",tt3481550
885,The Package,"Comedy, Thriller",English,1 win & 2 nominations.,N/A,N/A,Netflix,5.5,"12,157",tt7525778
886,Zion,"Documentary, Short, Sport",English,9 wins & 2 nominations.,N/A,N/A,N/A,7.2,777,tt7820962
887,Demonic,"Horror, Thriller",English,1 nomination.,N/A,N/A,Gatlin Pictures,5.3,"12,591",tt1841642
888,The Saint,"Action, Adventure, Romance, Sci-Fi, Thriller","English, Russian",1 win & 2 nominations.,50,N/A,Paramount,6.2,"60,075",tt0120053
889,Running Out of Time,"Action, Crime, Drama, Thriller","Cantonese, English",4 wins & 8 nominations.,N/A,N/A,Tai Seng,7.4,"5,142",tt0216165
890,Being Napoleon,Documentary,"English, French",N/A,N/A,N/A,N/A,5.5,38,tt8841814
891,Chernobyl Diaries,"Horror, Mystery, Thriller","English, Ukrainian, Russian",1 nomination.,N/A,"$18,100,000",Warner Bros. Pictures,5.0,"62,338",tt1991245
892,Flock of Four,"Adventure, Comedy, Drama, History, Music",English,N/A,48,N/A,Abramorama,6.9,68,tt6060208
893,The Diabolical,"Horror, Sci-Fi",English,N/A,25,N/A,N/A,4.7,"5,056",tt3603808
894,A Sort of Homecoming,Drama,English,4 wins & 2 nominations.,N/A,N/A,N/A,6.3,178,tt3303652
895,All Hallows' Eve,"Horror, Thriller",English,N/A,N/A,N/A,Kphat Productions,5.0,"5,247",tt2900624
896,Annabelle Hooper and the Ghosts of Nantucket,"Adventure, Family, Mystery",English,N/A,N/A,N/A,Angelina Pictures,5.6,536,tt3032060
897,Jessica Darling's It List,Family,English,N/A,N/A,N/A,N/A,5.4,723,tt5213744
898,Opening Night,Drama,English,Nominated for 2 Golden Globes. Another 2 wins & 1 nomination.,69,N/A,Faces Distributing Corporation,8.0,"8,121",tt0079672
899,Apex: The Story of the Hypercar,Documentary,"German, French, Swedish, English",N/A,N/A,N/A,N/A,7.4,"1,441",tt4325400
900,Movie 43,Comedy,English,4 wins & 5 nominations.,18,"$8,700,000",Relativity Media,4.3,"96,116",tt1333125
901,The Basement,Horror,English,1 win & 1 nomination.,27,N/A,N/A,4.9,"2,906",tt6118340
902,The Tiger Hunter,Comedy,English,N/A,66,"$39,553",Sneaky Sneaky Films,5.7,630,tt3853830
903,Hush,"Horror, Thriller","English, American Sign Language",2 wins & 7 nominations.,67,N/A,Intrepid Pictures,6.6,"90,828",tt5022702
904,Win It All,Comedy,English,N/A,77,N/A,Netflix,6.2,"7,476",tt3155328
905,6 Balloons,Drama,English,1 nomination.,66,N/A,Netflix,5.8,"3,222",tt6142496
906,Amateur,"Comedy, Crime, Drama, Thriller",English,1 win & 2 nominations.,53,N/A,Sony Pictures Home Entertainment,6.9,"5,280",tt0109093
907,"Ram Dass, Going Home","Documentary, Short",English,1 nomination.,N/A,N/A,N/A,7.0,567,tt6089564
908,Seth Rogen's Hilarity for Charity,"Documentary, Comedy",English,N/A,N/A,N/A,N/A,5.0,"1,958",tt8178116
909,The Eyes of My Mother,"Drama, Horror","English, Portuguese",5 wins & 13 nominations.,63,"$25,981",Magnet Releasing,6.2,"10,511",tt5225338
910,Alien Warfare,"Action, Sci-Fi",English,N/A,N/A,N/A,N/A,2.5,"2,260",tt9562694
911,Backfire,"Crime, Film-Noir, Mystery, Romance, Thriller",English,1 nomination.,N/A,N/A,Warner Bros.,6.6,957,tt0042219
912,Unicorn Store,"Comedy, Drama, Fantasy",English,2 nominations.,44,N/A,N/A,5.5,"15,627",tt2338454
913,Behind the Curtain: Todrick Hall,Documentary,English,N/A,N/A,N/A,N/A,7.1,191,tt6171960
914,Anthony Jeselnik: Fire in the Maternity Ward,Comedy,English,N/A,N/A,N/A,Netflix,7.1,"2,166",tt10050780
915,Honey: Rise Up and Dance,"Drama, Music",English,N/A,N/A,N/A,Universal Pictures Home Entertainment,5.1,535,tt7021508
916,Rodney King,"Comedy, Drama",English,1 nomination.,74,N/A,Netflix,5.5,430,tt6624312
917,Candy Jar,Comedy,English,N/A,N/A,N/A,Netflix,5.8,"3,857",tt6744044
918,The Week Of,Comedy,English,N/A,41,N/A,Netflix,5.1,"16,219",tt6821012
919,Season of the Witch,"Action, Adventure, Fantasy","English, Latin",2 nominations.,28,"$24,800,000",Relativity Media,5.4,"87,869",tt0479997
920,Kickboxer: Retaliation,"Action, Drama",English,N/A,54,N/A,Well Go USA Entertainment,5.0,"4,011",tt5208950
921,Shattered Memories,"Crime, Thriller",English,N/A,N/A,N/A,N/A,4.2,178,tt8678108
922,Bill Nye: Science Guy,Documentary,English,1 nomination.,73,"$22,786",PBS Distribution,6.0,915,tt4853154
923,Vir Das: Abroad Understanding,Comedy,English,N/A,N/A,N/A,Netflix,6.8,"1,351",tt6822400
924,Kevin James: Never Don't Give Up,Comedy,English,N/A,N/A,N/A,Netflix,6.1,"1,126",tt8324578
925,Secrets of Althorp: The Spencers,Documentary,English,N/A,N/A,N/A,N/A,7.7,16,tt6959558
926,Secrets of Selfridges,"Documentary, Biography, History",English,N/A,N/A,N/A,N/A,7.2,42,tt3865930
927,Sand Castle,"Drama, War","English, Arabic",N/A,45,N/A,Netflix,6.3,"17,018",tt2582576
928,Tramps,"Comedy, Romance",English,N/A,76,N/A,Netflix,6.5,"3,921",tt4991512
929,Dude,"Comedy, Drama",English,N/A,N/A,N/A,Netflix,5.1,"5,653",tt3458510
930,Mac,Drama,"English, Polish, Italian",1 win & 2 nominations.,N/A,N/A,Sony Pictures Home Entertainment,6.4,824,tt0104783
931,Boy Bye,"Drama, Romance",English,N/A,N/A,N/A,N/A,5.3,359,tt6283780
932,Kevin Hart: Irresponsible,Comedy,English,N/A,N/A,N/A,Netflix,6.4,"2,898",tt10009796
933,Good Kill,"Drama, Thriller, War",English,1 nomination.,63,N/A,IFC Films,6.4,"21,822",tt3297330
934,Brampton's Own,Drama,English,N/A,N/A,N/A,N/A,5.2,283,tt6185692
935,Someone Great,"Comedy, Romance",English,N/A,63,N/A,Netflix,6.2,"14,869",tt8075260
936,"The Mayo Clinic, Faith, Hope and Science","Documentary, History",English,N/A,N/A,N/A,N/A,8.1,189,tt8946352
938,Bigger Fatter Liar,"Adventure, Comedy, Family",English,1 win & 1 nomination.,N/A,N/A,Universal 1440 Entertainment,4.0,661,tt5846744
939,Lucas Brothers: On Drugs,Comedy,English,N/A,N/A,N/A,Netflix,5.4,730,tt6218048
940,Chris D'Elia: Incorrigible,"Documentary, Comedy",English,N/A,N/A,N/A,N/A,6.5,"1,108",tt4624852
941,21,"Crime, Drama, History, Thriller",English,1 win & 5 nominations.,48,"$81,159,365",Sony/Columbia Pictures,6.8,"221,247",tt0478087
942,Jonathan,"Drama, Sci-Fi",English,2 wins & 1 nomination.,62,N/A,Well Go USA Entertainment,5.9,"4,755",tt5639446
943,The Creative Brain,Documentary,English,N/A,N/A,N/A,N/A,6.3,355,tt10338308
944,Manglehorn,Drama,English,1 nomination.,56,"$63,602",IFC Films,5.6,"6,851",tt2893490
945,Band of Robbers,"Adventure, Comedy, Crime, Thriller",English,1 nomination.,57,N/A,N/A,6.0,"3,770",tt4048668
946,Prescription Thugs,Documentary,English,N/A,45,N/A,N/A,7.0,"1,928",tt4505666
947,Antidote,"Action, Crime, Drama",Turkish,N/A,N/A,N/A,N/A,7.2,"3,494",tt3345952
948,Thriller,"Crime, Drama, Horror, Mystery, Thriller",English,Nominated for 1 Primetime Emmy. Another 4 nominations.,N/A,na,na,8.2,"1,151",tt0053546
949,Sandy Wexler,Comedy,English,1 win & 2 nominations.,40,N/A,Netflix,5.1,"13,255",tt5893332
950,Come Sunday,Drama,English,N/A,65,N/A,Netflix,5.9,"1,712",tt1690967
951,Band Aid,"Comedy, Drama, Music, Romance",English,2 wins & 2 nominations.,67,"$245,140",IFC Films,6.6,"4,892",tt5816374
952,The Perfect Date,"Comedy, Romance",English,3 wins & 2 nominations.,N/A,N/A,Netflix,5.8,"27,149",tt8201170
954,Frat Star,"Comedy, Drama",English,N/A,N/A,N/A,Gravitas Ventures,3.5,434,tt5117484
956,Arthur,"Comedy, Romance",English,3 wins & 6 nominations.,36,"$29,200,000",Warner Bros.,5.7,"49,791",tt1334512
957,I Am Maris: Portrait of a Young Yogi,Documentary,English,N/A,N/A,N/A,N/A,7.0,212,tt7492818
958,The Trap,"Crime, Drama, Thriller",Serbian,9 wins & 1 nomination.,N/A,N/A,Film Movement,7.9,"8,521",tt0478813
959,The Trust,"Crime, Drama, Thriller","English, German",N/A,58,N/A,Hassell Free Production,5.4,"16,831",tt3733774
960,John Mulaney: New in Town,Comedy,English,N/A,N/A,N/A,N/A,8.2,"4,782",tt2246779
961,Locked Up,"Adult, Crime, Drama, Romance","German, English",N/A,N/A,N/A,N/A,5.0,957,tt0410006
962,Deuces,"Action, Crime, Drama",English,1 nomination.,N/A,N/A,N/A,5.9,813,tt5081606
963,Five Nights in Maine,Drama,English,2 wins & 3 nominations.,45,"$15,138",Loveless Entertainment,4.5,648,tt3352034
964,Frank and Cindy,Comedy,English,N/A,N/A,N/A,N/A,6.1,628,tt1239242
965,Iverson,"Documentary, Biography, Sport",English,N/A,N/A,N/A,N/A,7.0,"3,258",tt2088745
966,Jeremy Scott: The People's Designer,"Documentary, Biography",English,1 nomination.,N/A,"$225,000",THE VLADAR COMPANY,6.4,305,tt4005668
